,epoch,val_loss,val_acc,loss,acc,opus,reg
0,0,4.1438574851368335,0.1253393665158371,4.056984782306509,0.12338089162296345,127,0.2
1,1,4.0284793577582585,0.1321266968325792,3.8388819980200974,0.14503344546608696,127,0.2
2,2,4.008742051102996,0.14389140271493212,3.736549487446004,0.1613888566695551,127,0.2
3,3,3.9515119988454415,0.15701357466063348,3.6627049965846106,0.173800409851912,127,0.2
4,4,3.914406538225407,0.16108597285067874,3.5728220202799936,0.19498898039670573,127,0.2
5,5,3.91547476565676,0.16968325791855204,3.4964265318005,0.21285233731585665,127,0.2
6,6,3.901359621971441,0.17466063348416289,3.418620200498804,0.2276998028105559,127,0.2
7,7,3.9400951027330766,0.17330316742081447,3.350449825021814,0.23848741445653665,127,0.2
8,8,3.9546525087831252,0.17013574660633485,3.273872526515292,0.25209759115453745,127,0.2
9,9,3.979315415982208,0.17828054298642534,3.1992286727779016,0.26350384719483433,127,0.2
10,10,4.0017811468823465,0.17420814479638008,3.1201243077925533,0.2749487685121526,127,0.2
11,11,4.0381925272186425,0.17239819004524887,3.0362707709130388,0.2867030120266289,127,0.2
12,12,4.083169446487772,0.1669683257918552,2.9533607031995475,0.3001198623527743,127,0.2
13,13,4.176633328226357,0.1660633484162896,2.8649783235449333,0.31840853729957136,127,0.2
14,14,4.2187883359814125,0.1597285067873303,2.776175196134025,0.33511193597203354,127,0.2
15,15,4.317720116317542,0.1520361990950226,2.6892475152713526,0.3474848238796737,127,0.2
16,16,4.372918316249934,0.151131221719457,2.590435332259672,0.3668174612380621,127,0.2
17,17,4.492273710863623,0.14796380090497738,2.4947063567231584,0.3875807137644282,127,0.2
18,18,4.574287717482623,0.15294117647058825,2.3942941969510265,0.40668135947221135,127,0.2
19,19,4.7387669653914095,0.14479638009049775,2.3015165150094115,0.4252793566167426,127,0.2
20,20,4.8085189586311445,0.14434389140271492,2.201485204548237,0.4433360399071728,127,0.2
21,21,4.987837463482473,0.13122171945701358,2.1057206071253254,0.4635193133116349,127,0.2
22,22,5.076053543436042,0.13665158371040725,2.013394336498001,0.484707883850667,127,0.2
23,23,5.223277813061331,0.13076923076923078,1.9153573845957848,0.5075590612117391,127,0.2
24,24,5.391057611266952,0.13122171945701358,1.8228609171608037,0.5260410625229015,127,0.2
25,25,5.5316683225502254,0.11040723981900452,1.7278971947230923,0.5495882148277232,127,0.2
26,26,5.722075608197381,0.1167420814479638,1.649838558441939,0.5670649190031634,127,0.2
27,27,5.879659632428201,0.1176470588235294,1.5627648352249193,0.5868228743811317,127,0.2
28,28,6.006877698078416,0.11266968325791855,1.4800392402272553,0.6092487337191669,127,0.2
29,29,6.2312803182127245,0.116289592760181,1.4130441105218718,0.6222789312964161,127,0.2
30,30,6.284262966138746,0.11855203619909503,1.3346235059564409,0.6445114642585628,127,0.2
31,31,6.580411339669206,0.1167420814479638,1.2558284552800785,0.6592815992003715,127,0.2
32,32,6.6340176155124855,0.09773755656108596,1.2039115072951416,0.6733944244742998,127,0.2
33,33,6.754918584780456,0.10452488687782806,1.143890001828408,0.6877779066643315,127,0.2
34,34,6.899763178070207,0.10588235294117647,1.081316518648979,0.7077678536917528,127,0.2
35,35,7.022291425558237,0.1009049773755656,1.022746453008477,0.7235432857819594,127,0.2
36,36,7.315631188526412,0.09683257918552036,0.9766456411507384,0.7361868306120407,127,0.2
37,37,7.3323144166178285,0.1004524886877828,0.9248763682306382,0.7453891659923291,127,0.2
38,38,7.448681124950428,0.09773755656108596,0.8776889508341994,0.7603139620330048,127,0.2
39,39,7.587792352961199,0.09185520361990952,0.8420082778147643,0.7674283725808918,127,0.2
40,40,7.668031570382787,0.09638009049773756,0.8001475557993143,0.7791052855465107,127,0.2
41,41,7.840249675215639,0.09411764705882353,0.7537824075607258,0.7933727719158491,127,0.2
42,42,7.901627494415008,0.09819004524886878,0.7198236944508314,0.800139194991285,127,0.2
43,43,8.104724156478952,0.09502262443438914,0.6944850756511036,0.8046630321331479,127,0.2
44,44,8.089930473085984,0.09819004524886878,0.6600722368325941,0.8174999033391178,127,0.2
45,45,8.26073161509242,0.09457013574660633,0.6265130867130891,0.8245369833375712,127,0.2
46,46,8.334995454468878,0.09638009049773756,0.6017890088443104,0.8317673897073039,127,0.2
47,47,8.490379834930282,0.09683257918552036,0.5804534165483015,0.8359045741089128,127,0.2
48,48,8.450441864065455,0.10497737556561086,0.5590602346682167,0.8442949387201488,127,0.2
49,49,8.585161250533021,0.0995475113122172,0.5249328920050544,0.8525306422348223,127,0.2
50,0,3.714810659359028,0.15300324675324675,4.1030482031645565,0.11804443750302243,130,0.2
51,1,3.7307587877496498,0.15300324675324675,3.996368920399484,0.121988363465969,130,0.2
52,2,3.754958654378916,0.09334415584415584,3.9910035296472186,0.12093404662481555,130,0.2
53,3,3.7290390466714833,0.15300324675324675,3.989512351718417,0.1253075090823307,130,0.2
54,4,3.756649029719365,0.15300324675324675,3.9878185345504735,0.12448748486918275,130,0.2
55,5,3.778548376900809,0.15300324675324675,3.9839132110024886,0.12464367995742913,130,0.2
56,6,3.748693775821042,0.15300324675324675,3.985858037278217,0.124448436100176,130,0.2
57,7,3.7489232769260163,0.15300324675324675,3.9793079967142018,0.1255808504828342,130,0.2
58,8,3.715126372002936,0.15056818181818182,3.9393788356550874,0.13190675153295522,130,0.2
59,9,3.6418267503961337,0.15503246753246752,3.8670726340826898,0.14717482135215942,130,0.2
60,10,3.637210514638331,0.15827922077922074,3.786291825105205,0.16029520871597686,130,0.2
61,11,3.5832518726200253,0.18060064935064932,3.7224318200810416,0.16455152486385327,130,0.2
62,12,3.5450208465774335,0.19358766233766234,3.6500476559125774,0.17903861923891629,130,0.2
63,13,3.5105712909203066,0.20454545454545456,3.575801430827,0.1976258346680816,130,0.2
64,14,3.5130574703216557,0.20982142857142855,3.5007384825983583,0.2110195634350209,130,0.2
65,15,3.501285540593135,0.21672077922077926,3.432103395462036,0.22484282869332853,130,0.2
66,16,3.5219035953670352,0.21793831168831168,3.3607110217853107,0.23753367956635954,130,0.2
67,17,3.4853017423060035,0.21996753246753248,3.288626138699125,0.2466710921947324,130,0.2
68,18,3.5443358390362234,0.2077922077922078,3.211356830669541,0.2570190167554144,130,0.2
69,19,3.5429158953877233,0.21631493506493507,3.1357624617561,0.2704517942922333,130,0.2
70,20,3.5715812584022424,0.2094155844155844,3.0577668928896147,0.2840407669184623,130,0.2
71,21,3.5755881984512525,0.20576298701298698,2.9729330620234466,0.2948572767421378,130,0.2
72,22,3.6383863579143183,0.19642857142857145,2.889444032898316,0.3105939318214261,130,0.2
73,23,3.6762489157837703,0.19886363636363635,2.8009504364842925,0.3259400991873719,130,0.2
74,24,3.7224928992135182,0.19196428571428573,2.711475510511391,0.3414034128632473,130,0.2
75,25,3.766206190183565,0.1939935064935065,2.6175675494839656,0.3626068960166116,130,0.2
76,26,3.820788132679927,0.20251623376623376,2.524726193793474,0.37935881916630104,130,0.2
77,27,3.904040426402897,0.18831168831168832,2.428218394288641,0.4012651802112461,130,0.2
78,28,4.041796188849907,0.19318181818181815,2.329645686093924,0.418251396002906,130,0.2
79,29,4.043995553796941,0.17897727272727273,2.228393418008084,0.4401968058197672,130,0.2
80,30,4.177326784505474,0.1810064935064935,2.135853390621233,0.4642508493200991,130,0.2
81,31,4.28683978551394,0.17532467532467533,2.038404234467929,0.48197899176129105,130,0.2
82,32,4.335651568004063,0.1737012987012987,1.9517275203679656,0.5013471826404162,130,0.2
83,33,4.461340173498376,0.1737012987012987,1.8686452996070264,0.523604982630279,130,0.2
84,34,4.515613589968,0.1663961038961039,1.7684362234442343,0.5405911984079739,130,0.2
85,35,4.6433054440981385,0.1599025974025974,1.6796135569876551,0.5676129485774224,130,0.2
86,36,4.739764244525464,0.15868506493506493,1.5950356188790158,0.5819828966448832,130,0.2
87,37,4.915057405248866,0.17045454545454544,1.5226132956396117,0.6024054043570156,130,0.2
88,38,4.999714631538886,0.15056818181818182,1.4384753475977203,0.6235698387378821,130,0.2
89,39,5.068828994577581,0.14935064935064934,1.3655503889347744,0.6384474208309424,130,0.2
90,40,5.146408839659258,0.15706168831168832,1.289155150587274,0.6553555390752788,130,0.2
91,41,5.4028043251533004,0.1444805194805195,1.2271837781140251,0.6738646569635212,130,0.2
92,42,5.380597681194158,0.15543831168831168,1.1695294223594583,0.6867898004700854,130,0.2
93,43,5.590180821232981,0.14772727272727273,1.1010850847589029,0.7057284548447502,130,0.2
94,44,5.701429819131826,0.14285714285714285,1.0431383452563867,0.7195517201077128,130,0.2
95,45,5.77106988894475,0.14772727272727273,0.984772915953544,0.7341950095716041,130,0.2
96,46,5.930268417705189,0.1452922077922078,0.9246955935043324,0.748408762549073,130,0.2
97,47,6.087110212871005,0.1444805194805195,0.8876911773751093,0.7586395407910972,130,0.2
98,48,6.0964527718432535,0.14650974025974026,0.8465030535260146,0.7664102464000783,130,0.2
99,49,6.146841748968347,0.14488636363636365,0.8078227365904641,0.7794134874481473,130,0.2
100,0,3.9933340161128634,0.13155833987071353,4.079479014295654,0.12257533602589064,131,0.2
101,1,3.982962045617279,0.13155833987071353,3.9728614917822247,0.12492652533815228,131,0.2
102,2,4.047571631082819,0.13155833987071353,3.969273973162484,0.12629805243560907,131,0.2
103,3,4.073375186233102,0.13155833987071353,3.9662458777703287,0.1268858497590031,131,0.2
104,4,4.063859414195492,0.13155833987071353,3.9632407083720262,0.12512245778064612,131,0.2
105,5,4.0689442579692106,0.13155833987071353,3.9628614817458283,0.12665073083005424,131,0.2
106,6,4.0883869540439335,0.13155833987071353,3.9637374159189087,0.1270817822055844,131,0.2
107,7,4.088724346579101,0.13155833987071353,4.0316487938227565,0.1260629335022808,131,0.2
108,8,4.07308221908874,0.13155833987071353,3.9611056737332864,0.12751283357498336,131,0.2
109,9,4.034368751939612,0.131949882543031,3.9413243901734716,0.12798307144514348,131,0.2
110,10,3.9763640317491187,0.1499608457321848,3.892996793013951,0.13934715310161055,131,0.2
111,11,3.9066179640702003,0.16092404073502464,3.8024124733972586,0.15584466476367834,131,0.2
112,12,3.8911022766549417,0.15974941270056886,3.7241037911048456,0.16403464085787664,131,0.2
113,13,3.8451062178555744,0.1707126076888226,3.6447593903363122,0.1821387985463501,131,0.2
114,14,3.8225571304536365,0.18245888803338012,3.5727905284798327,0.196363493871402,131,0.2
115,15,3.813832561952953,0.18441660143872585,3.504374153772217,0.20843293232668614,131,0.2
116,16,3.8079991728977567,0.19028974161100465,3.436408147014389,0.2228927465830226,131,0.2
117,17,3.8047613869818657,0.19028974161100465,3.3652577397030967,0.2367255770230869,131,0.2
118,18,3.8237686806949855,0.1851996867716919,3.2926805041240783,0.2473451154205585,131,0.2
119,19,3.856181360541981,0.20125293662843052,3.2186640784155496,0.25796465378912586,131,0.2
120,20,3.8570490773991857,0.19146436962212265,3.150655919095977,0.26897605705727895,131,0.2
121,21,3.8865608577160695,0.1855912295023538,3.0767532497781063,0.2796739684168581,131,0.2
122,22,3.9064582609626215,0.18245888807713845,3.0061494218569256,0.28821662291017297,131,0.2
123,23,3.9573638030300873,0.18754894289311336,2.930066598900957,0.30110897762801864,131,0.2
124,24,3.9910907254334815,0.18637431485865766,2.8492736241077434,0.3174105568417533,131,0.2
125,25,4.05672068846067,0.1816758026916624,2.7681857198517665,0.3314393197283989,131,0.2
126,26,4.127252135691273,0.18950665626053526,2.68362444520319,0.3463301853555941,131,0.2
127,27,4.154477529070204,0.185982772157168,2.604694069391825,0.36560993769932254,131,0.2
128,28,4.177727840426571,0.1750195771484937,2.515916067621794,0.37948195462554973,131,0.2
129,29,4.334902602802895,0.16758026627819333,2.4260042796076458,0.3988400799439401,131,0.2
130,30,4.361734420504529,0.1636648394733364,2.338075681401484,0.4164739997683846,131,0.2
131,31,4.461440386581719,0.16718872362921364,2.2512793638960424,0.43669422783141204,131,0.2
132,32,4.555043352331701,0.16053249804812106,2.1659748152676754,0.4507229907163058,131,0.2
133,33,4.672033410755656,0.15740015667541565,2.0808663656636934,0.4741956973270664,131,0.2
134,34,4.812157602168287,0.14487079097455427,1.9949844106339871,0.4922214820493449,131,0.2
135,35,4.8467045330683876,0.15465935790501448,1.9061133979961573,0.5140875426246491,131,0.2
136,36,4.928909554179048,0.15348472987055872,1.8153927359509427,0.5359144167102865,131,0.2
137,37,5.038401410275356,0.14800313239976962,1.7369660247740475,0.5510795877674838,131,0.2
138,38,5.1397434311540415,0.1456538763308581,1.6584657432984498,0.5656177750051972,131,0.2
139,39,5.308820960478757,0.1315583399990712,1.580459758197305,0.5856028841419034,131,0.2
140,40,5.432449976727659,0.13469068129009446,1.5040081858406051,0.601708530899714,131,0.2
141,41,5.536008135826212,0.13469068129009446,1.4359608087248552,0.6219679454640865,131,0.2
142,42,5.687942458207287,0.13586530937706015,1.3511166717524141,0.6437164465832371,131,0.2
143,43,5.834447440264648,0.1280344558140218,1.3015386021348851,0.6539049335905804,131,0.2
144,44,5.901536144683766,0.12881754117032562,1.2329626756428391,0.6671891531881585,131,0.2
145,45,6.096242070104707,0.12725137043438015,1.1705935353082504,0.6826286296625114,131,0.2
146,46,6.22096233285771,0.12176977296359108,1.1102939249743369,0.7016340765844127,131,0.2
147,47,6.238438496854777,0.12568519974511028,1.0525649946317708,0.7158195854186302,131,0.2
148,48,6.379898314375193,0.11785434612956193,1.0073996876478148,0.7258513264719785,131,0.2
149,49,6.465522967378143,0.12411902900916486,0.9532068147662666,0.7405854461416751,131,0.2
150,0,4.5731440676320885,0.11386138623697135,4.029840576908518,0.12066747241636908,132,0.2
151,1,4.611305386319804,0.11386138623697135,3.919970881390968,0.12472221139283796,132,0.2
152,2,4.66965658987316,0.056930693069306926,3.915069902880652,0.12877695037134024,132,0.2
153,3,4.684757988051612,0.11386138623697135,3.9134118759059047,0.12655464150663673,132,0.2
154,4,4.708501326368981,0.11386138623697135,3.9097413109489305,0.1255799446375083,132,0.2
155,5,4.736027898568131,0.11386138623697135,3.909805783872609,0.1270614838814186,132,0.2
156,6,4.645060270139488,0.11386138623697135,4.00702513916515,0.1274513626268042,132,0.2
157,7,4.661478319577258,0.11386138623697135,3.9176721835379023,0.13025848961002184,132,0.2
158,8,4.705090629779073,0.11386138623697135,3.897671564396206,0.13080431985942945,132,0.2
159,9,4.719720580790303,0.11386138623697135,3.893302558937,0.13045342898387655,132,0.2
160,10,4.710979666253522,0.11386138623697135,3.902994191355164,0.12885492611812255,132,0.2
161,11,4.663643991199657,0.11344884478613095,3.8769493276294233,0.13209091972411108,132,0.2
162,12,4.590778084871398,0.1349009900006524,3.83630891242052,0.14230574291424425,132,0.2
163,13,4.593307056049309,0.13366336623827615,3.8191640890989214,0.14507388202559576,132,0.2
164,14,4.602069676905969,0.13325082498415075,3.8117039445603935,0.14526882139654568,132,0.2
165,15,4.579052907798944,0.1369636963204582,3.79775216327624,0.14784202113433295,132,0.2
166,16,4.513454555284858,0.14191419132078442,3.754090942394488,0.15255955398161744,132,0.2
167,17,4.478115873368266,0.1448019800996623,3.7068385598236477,0.15805684432156128,132,0.2
168,18,4.439942756501755,0.14438943889471564,3.645003305958922,0.1696362431312919,132,0.2
169,19,4.432445190920689,0.15717821782178218,3.568594872423992,0.18870131389196074,132,0.2
170,20,4.404525328784098,0.15924092404323048,3.494171859237473,0.2056610394248749,132,0.2
171,21,4.407828611115812,0.1666666666174879,3.4293647589351317,0.21755234122768968,132,0.2
172,22,4.446503502307552,0.16996699669966994,3.3672455058580644,0.22683145542027006,132,0.2
173,23,4.432080413642104,0.15717821782178218,3.3081767638713377,0.2386447814735429,132,0.2
174,24,4.426093882066582,0.1666666666174879,3.2475584043369468,0.2451557565631957,132,0.2
175,25,4.4761887163218885,0.16914191419141913,3.2020729271969306,0.2554095676250497,132,0.2
176,26,4.554750344934243,0.16666666666666666,3.1345703535374807,0.26535147569222195,132,0.2
177,27,4.5490676121349765,0.15924092409240925,3.0827797772456877,0.27381184451693635,132,0.2
178,28,4.576291882165588,0.15635313531353134,3.018239111346136,0.2837927404635273,132,0.2
179,29,4.629708272789178,0.16212871277292962,2.9575681101718585,0.29545011501452106,132,0.2
180,30,4.698188731379242,0.16006600650230254,2.8874697827182967,0.30890093181311185,132,0.2
181,31,4.735712339382361,0.1542904290429043,2.825260848124137,0.317361300641312,132,0.2
182,32,4.774254133205603,0.15924092399405174,2.7515316885058385,0.33315138991889753,132,0.2
183,33,4.8497273929835165,0.15552805270692302,2.683128228991244,0.34504269172868385,132,0.2
184,34,4.9576446325472086,0.14067656765676567,2.616355689609579,0.35806464189985604,132,0.2
185,35,5.003529224458701,0.1419141914191419,2.541862732978624,0.3757261491734185,132,0.2
186,36,5.018368473934262,0.1551155115511551,2.468235515833338,0.390502553713931,132,0.2
187,37,5.142459968529125,0.1547029702970297,2.3883678066023584,0.4092557214717846,132,0.2
188,38,5.234685118835752,0.1369636963204582,2.313095134900343,0.4221996959027103,132,0.2
189,39,5.30603011449178,0.14108910891089108,2.239121965899273,0.4397052516702175,132,0.2
190,40,5.333272847405362,0.1460396039112173,2.1679107166367477,0.4564310499516011,132,0.2
191,41,5.42257813337219,0.13242574262343618,2.091680857855338,0.4747163632145272,132,0.2
192,42,5.540048201092006,0.13448844889406325,2.020497091295492,0.4902725252481347,132,0.2
193,43,5.585567126573117,0.1316006600660066,1.9419173550255333,0.5055557721734507,132,0.2
194,44,5.714409313579598,0.12334983498349834,1.8762412762994205,0.5206050918199309,132,0.2
195,45,5.897840035630533,0.12830033008218206,1.8130432036825683,0.535732387231058,132,0.2
196,46,5.924886766440011,0.125,1.737605556669633,0.5517953916517929,132,0.2
197,47,5.994585095459085,0.13407590763993782,1.6661502699242394,0.5673125657932006,132,0.2
198,48,6.1775356660975085,0.12293729375396233,1.5987198060193468,0.585753830562182,132,0.2
199,49,6.155693762373216,0.12665016501650164,1.5458085441120866,0.5954228235204818,132,0.2
200,0,4.232482387951351,0.1563539586698541,4.066781934509162,0.11783966880051945,135,0.2
201,1,4.264491985737286,0.1563539586698541,3.9563846661356283,0.12216785849150205,135,0.2
202,2,4.199150411272081,0.15568862267517675,3.920370226261712,0.1278133232980731,135,0.2
203,3,4.145230768842056,0.15768463065920876,3.8054002783914953,0.1538200978552842,135,0.2
204,4,4.108367479093379,0.16101131065242386,3.7232337162016393,0.1642830259702598,135,0.2
205,5,4.083721568087935,0.17964071848356006,3.640620977877673,0.18223560406585632,135,0.2
206,6,4.0717260399740365,0.1929474383176206,3.559371271571316,0.202145276630019,135,0.2
207,7,4.083301314019554,0.19361277433212645,3.4853339540002755,0.21550621001577755,135,0.2
208,8,4.09835520713867,0.1882900863945365,3.4139380301036555,0.2286036883748291,135,0.2
209,9,4.121835829017167,0.17564870249566758,3.335303158162454,0.2445238991349229,135,0.2
210,10,4.141496961305559,0.18097139045308608,3.2587093856130998,0.25272864132928896,135,0.2
211,11,4.146997987311916,0.1962741182910072,3.182152605200334,0.264132480241434,135,0.2
212,12,4.181258679546678,0.17431803050631298,3.0985287466756284,0.27591268347984965,135,0.2
213,13,4.2403850230231575,0.17431803046665584,3.0128932732498463,0.29217162213470865,135,0.2
214,14,4.35621569732468,0.16433799060598184,2.923757250056843,0.3087316522404894,135,0.2
215,15,4.3608987293319545,0.1729873584971298,2.828684579190968,0.3230334964290256,135,0.2
216,16,4.439141863755044,0.17431803046665584,2.724622581181869,0.3442980805464512,135,0.2
217,17,4.4996526963062005,0.16500332658083058,2.6335783247755664,0.36078283778809933,135,0.2
218,18,4.6332662468819485,0.15435795064616506,2.531748733387704,0.3799397817042074,135,0.2
219,19,4.724741651150518,0.1596806386234121,2.4239219658169304,0.4038765525028227,135,0.2
220,20,4.840051246815653,0.15834996661422893,2.3164834559838665,0.4264584117425668,135,0.2
221,21,4.956659799247127,0.15369261465148773,2.2132524235157938,0.44892736168611214,135,0.2
222,22,5.058762929476028,0.14504324674051122,2.103851129078174,0.4751223184042153,135,0.2
223,23,5.21640779301078,0.14238190274197346,2.0035432200168013,0.4917576213774934,135,0.2
224,24,5.40248165714368,0.12508316690019186,1.8984308637440277,0.5200225818614831,135,0.2
225,25,5.415725792080898,0.1410512307526188,1.8001562925402634,0.5388784343199394,135,0.2
226,26,5.6010618057555535,0.13306719885614818,1.7071837088018151,0.5582611968385397,135,0.2
227,27,5.852916167088533,0.12175648696646245,1.6140498400631818,0.5820474219066468,135,0.2
228,28,5.909981008378649,0.12707917488422382,1.5150182017088385,0.6029356416966801,135,0.2
229,29,6.1414575386428085,0.11776447099839855,1.4392513262763431,0.622544222816651,135,0.2
230,30,6.2584295171304944,0.1257485029345263,1.3576521928928649,0.6426797139631163,135,0.2
231,31,6.49009056656026,0.1190951429877532,1.285015186682024,0.6591268347805498,135,0.2
232,32,6.564057764496236,0.13107119091177336,1.2020746798097168,0.6786225065953488,135,0.2
233,33,6.776231421523308,0.10246174314064893,1.1277258060011686,0.6995483628174485,135,0.2
234,34,6.931745217945761,0.11177644704630277,1.0708750620972272,0.7146782085103203,135,0.2
235,35,6.93505620639164,0.11643379900904395,1.0212214407635491,0.7266842303439375,135,0.2
236,36,7.1029310851436565,0.11244178304098006,0.9560030055665234,0.7428678961279341,135,0.2
237,37,7.268654235108883,0.10778443109806744,0.9063281072276312,0.7520135491110572,135,0.2
238,38,7.331369229974703,0.1124417830211515,0.8585169976216128,0.7684230334874513,135,0.2
239,39,7.4624061698685145,0.11443779102501199,0.8112398933996416,0.7812570568265258,135,0.2
240,40,7.628719539858068,0.11510312699986075,0.7727508578302271,0.7872036131064516,135,0.2
241,41,7.729737794486509,0.1091151030675935,0.7361118431597399,0.7977418140849988,135,0.2
242,42,7.648830252651843,0.11842980701290445,0.6904003679101791,0.8098983816423944,135,0.2
243,43,7.904556456519537,0.10911510308742206,0.658021468567947,0.8162965750757087,135,0.2
244,44,8.058127401355735,0.10978043908209938,0.6189328346747763,0.8286789612389616,135,0.2
245,45,8.217400417594376,0.1091151030675935,0.6062731807107176,0.8321415129800824,135,0.2
246,46,8.159828268521956,0.11377245508982035,0.5753679074400297,0.8415129845600896,135,0.2
247,47,8.284220171387165,0.10911510310725063,0.5448703775403192,0.8481746330492741,135,0.2
248,48,8.354507601110441,0.1097804390226137,0.525696072508439,0.8519759126924509,135,0.2
249,49,8.371451919108967,0.11576846303419518,0.5082385895684737,0.8571697403131053,135,0.2
250,0,3.8280572546344303,0.14324419837612218,4.1627233725747255,0.11458333333333333,18,0.2
251,1,3.8662400264483847,0.14324419837612218,4.033912007325616,0.1194342320261438,18,0.2
252,2,3.8722704024207593,0.14324419837612218,4.025669190229154,0.11979166666666667,18,0.2
253,3,3.878077168194477,0.14324419837612218,4.024645754324845,0.12014910130718955,18,0.2
254,4,3.8683415509910466,0.14324419837612218,4.009618578783049,0.12096609477124184,18,0.2
255,5,3.926255478119173,0.14324419837612218,4.030521284131443,0.1268892973856209,18,0.2
256,6,3.9237713572526514,0.13982801272410192,4.014158079437181,0.12331495098039215,18,0.2
257,7,3.875282859701138,0.14359759689184842,3.97825601210002,0.12663398692810454,18,0.2
258,8,3.870912575134752,0.1479561785858053,3.9646172348190762,0.12826797385620914,18,0.2
259,9,3.8644967119605846,0.14442219342854296,3.9368641551803143,0.13495710784313725,18,0.2
260,10,3.8770036983299008,0.1473671810595949,3.9430407192192822,0.13419117647058826,18,0.2
261,11,3.87092931583192,0.1467781835333845,3.927022683854197,0.13572303921568624,18,0.2
262,12,3.8588262598819845,0.15090116621685726,3.916433349154354,0.13837826797385622,18,0.2
263,13,3.8536576705990586,0.15137236423782555,3.886262635779537,0.13980800653594772,18,0.2
264,14,3.7957192084325584,0.16162092119388635,3.843144593285579,0.1473141339869281,18,0.2
265,15,3.772007673926145,0.16798209447695855,3.7898258177283535,0.15242034313725492,18,0.2
266,16,3.7447142316506152,0.174696666275757,3.7545904509382315,0.15625,18,0.2
267,17,3.725232082509169,0.18082224054834506,3.7190765750174433,0.1626327614379085,18,0.2
268,18,3.6877958562239583,0.19472258216691027,3.6716834809265886,0.1729983660130719,18,0.2
269,19,3.6929822444410227,0.20073035693425625,3.628508674553017,0.17902369281045752,18,0.2
270,20,3.669880060695173,0.198845564850383,3.5847109396473256,0.18709150326797386,18,0.2
271,21,3.667233791153596,0.20120155495522452,3.543623210947498,0.19030841503267973,18,0.2
272,22,3.666086678960492,0.20485333961772895,3.501544214931189,0.19132965686274508,18,0.2
273,23,3.655951916644873,0.20603133467014972,3.458097083506241,0.20082720588235292,18,0.2
274,24,3.677972447761224,0.2057957356596656,3.4333900524899845,0.20506535947712415,18,0.2
275,25,3.663180073968288,0.21521969608780855,3.365282659826715,0.2160437091503268,18,0.2
276,26,3.666284374640819,0.214395099551114,3.3160507460824804,0.2252859477124183,18,0.2
277,27,3.6729670513756134,0.2136883025196616,3.2677994265275845,0.230187908496732,18,0.2
278,28,3.695006642300609,0.2130993049934512,3.2233822365212284,0.2376940359477124,18,0.2
279,29,3.6881829438831346,0.21639769114022936,3.166577835488164,0.2478043300653595,18,0.2
280,30,3.720805448783077,0.2134527035091774,3.1123672661438486,0.2568933823529412,18,0.2
281,31,3.736996982330455,0.21792908470837635,3.0558128092024064,0.2653186274509804,18,0.2
282,32,3.7793444278650536,0.20932972082570467,3.0043449448604216,0.2710375816993464,18,0.2
283,33,3.796583947928666,0.21274590647772493,2.9505684134227783,0.2795138888888889,18,0.2
284,34,3.811514907007378,0.2162798916349873,2.8913219746421364,0.29437295751633985,18,0.2
285,35,3.885379272968276,0.1986099658486756,2.8299684542066914,0.30443218954248363,18,0.2
286,36,3.908427828430273,0.19931676288012806,2.7791192757537937,0.3115298202614379,18,0.2
287,37,3.9532159191796215,0.19448698316520285,2.7133848184074454,0.32592933006535946,18,0.2
288,38,4.03324311778576,0.19825656733294933,2.64959044082492,0.3396139705882353,18,0.2
289,39,4.0258858640338016,0.19542937920713946,2.5931950940026183,0.3486008986928105,18,0.2
290,40,4.116901176980422,0.19236659207084544,2.5430398154882043,0.36070261437908496,18,0.2
291,41,4.165086489120323,0.19071739899745635,2.4888085380099176,0.3702512254901961,18,0.2
292,42,4.194427975721895,0.18694781482970985,2.42783779373356,0.3813827614379085,18,0.2
293,43,4.29221165058034,0.1732830722119744,2.3638576401604547,0.3963950163398693,18,0.2
294,44,4.322839830744349,0.1811756390631936,2.316468697552588,0.40584150326797386,18,0.2
295,45,4.396697498713158,0.17681705737889114,2.260862410458085,0.4200367647058824,18,0.2
296,46,4.47261861351104,0.16656850041317595,2.2098025377669366,0.4297385620915033,18,0.2
297,47,4.46926962474109,0.17881964895922972,2.151822730801464,0.4411764705882353,18,0.2
298,48,4.556378620506977,0.16762869596035465,2.0897403856118517,0.4540951797385621,18,0.2
299,49,4.642291363058812,0.16762869597000907,2.0412306553787656,0.4657373366013072,18,0.2
300,0,3.9833352529309933,0.10487497750858027,4.085497123983092,0.12956382695278054,59,0.2
301,1,4.021864275641526,0.10487497750858027,3.9687132804889584,0.1304077462911966,59,0.2
302,2,4.0091109543443695,0.10865263537947577,3.96474798930584,0.1317402505111242,59,0.2
303,3,4.026029830828998,0.10487497750858027,3.959727727277162,0.1331615883456916,59,0.2
304,4,4.059881526117039,0.10487497750858027,3.9575187349399936,0.13369459003683962,59,0.2
305,5,4.060880731734296,0.10487497750858027,3.9589438365557768,0.1335613396112397,59,0.2
306,6,4.047715824485405,0.10487497750858027,3.95772232746288,0.13396109087744965,59,0.2
307,7,4.069925630107631,0.10487497750858027,3.955132807763567,0.1339166740694679,59,0.2
308,8,4.079407509849919,0.10487497750858027,3.955488046617484,0.13391667406979882,59,0.2
309,9,4.047923457774783,0.10487497750858027,3.955448501156884,0.13396109087711872,59,0.2
310,10,4.059009080826112,0.10487497750858027,3.956979900606469,0.13458292617959716,59,0.2
311,11,4.069496264966364,0.10487497750858027,3.956462963506152,0.13427200852835794,59,0.2
312,12,4.0645784400611245,0.10487497750858027,3.9534348188120534,0.13462734298691706,59,0.2
313,13,4.059888372748936,0.10487497750858027,3.9545777028075246,0.13440525896057648,59,0.2
314,14,4.035681780217941,0.10487497750858027,3.9433502055108254,0.13387225726611918,59,0.2
315,15,4.028428149407748,0.12106493973200175,3.923304409310228,0.1375588522700298,59,0.2
316,16,4.0252818060684685,0.10721352760751893,3.903936031752776,0.14062361198536105,59,0.2
317,17,4.020989541806727,0.10757330454581718,3.8956816525360582,0.14102336324197398,59,0.2
318,18,4.001817110438723,0.12574203992987906,3.8762109092616837,0.14200053300201876,59,0.2
319,19,3.9858481919171465,0.12160460513944912,3.86498017229343,0.1433774540325756,59,0.2
320,20,3.92237008546492,0.14103255980755489,3.8490149908530897,0.14604246247574015,59,0.2
321,21,3.897086894389944,0.14876776399302985,3.795097640747392,0.15190548103799445,59,0.2
322,22,3.859675883131719,0.15650296815437986,3.7536011461446184,0.1563027449600161,59,0.2
323,23,3.8338680156681,0.1699946033164395,3.7178752499214656,0.16238784756548846,59,0.2
324,24,3.8290541733012478,0.16783594172953872,3.677194296492981,0.1717597939066759,59,0.2
325,25,3.8110379338972127,0.18168735385402154,3.635161202023992,0.18064315537065387,59,0.2
326,26,3.7799912991980937,0.1827666846260276,3.5843525087472283,0.19010393533971834,59,0.2
327,27,3.77038931216154,0.18798345027424104,3.5365387237632198,0.19507861774961807,59,0.2
328,28,3.7583986145276183,0.1906817772685892,3.4961004575743093,0.2023629741533893,59,0.2
329,29,3.7604768614606865,0.1921208850217822,3.4507909200644105,0.20964733055054194,59,0.2
330,30,3.758094478841522,0.19355999279373906,3.4105185106908955,0.215865683582607,59,0.2
331,31,3.783014661353534,0.19104155420688745,3.366081575141385,0.2245269610023741,59,0.2
332,32,3.8050293620058606,0.1843856808483697,3.3282890451137637,0.2279914719743183,59,0.2
333,33,3.8091426855112327,0.1881633387567929,3.2716442892900246,0.2362974149457852,59,0.2
334,34,3.8055735406825866,0.19176110810224775,3.217931139201225,0.24136093097760514,59,0.2
335,35,3.847418308601167,0.18978233492284355,3.1718702324120627,0.25197654792970625,59,0.2
336,36,3.8992575291871896,0.18942255800330912,3.13213531642906,0.2584614017957627,59,0.2
337,37,3.8747880660408933,0.1955387659114907,3.096590277673593,0.2625477480731638,59,0.2
338,38,3.9022015058902078,0.18942255796042035,3.0155184836564266,0.279204050815475,59,0.2
339,39,3.960319485761296,0.181867242256157,2.948041049542664,0.28475615172913754,59,0.2
340,40,3.998708578810715,0.18924266953416002,2.8908789875643532,0.29710402417068554,59,0.2
341,41,4.038593410008843,0.18456556933628268,2.821866072695135,0.3098960646715333,59,0.2
342,42,4.092537527140964,0.1791689152189201,2.7549288847459783,0.3210891001154837,59,0.2
343,43,4.141319527388434,0.17485159200222974,2.692868469027672,0.33539131207381195,59,0.2
344,44,4.188624488554706,0.17431192661890732,2.6298210825898503,0.34534067691611475,59,0.2
345,45,4.260603424541641,0.17719014205827968,2.5723977099518014,0.35582304345022736,59,0.2
346,46,4.3020429647232605,0.16585716852600954,2.5039350922306567,0.3704361730505288,59,0.2
347,47,4.3756299271045735,0.1620795106738779,2.4387402471793296,0.3804299546948565,59,0.2
348,48,4.442412601398208,0.15740241050012552,2.3559679142522527,0.40179443901837103,59,0.2
349,49,4.5040246610011865,0.15308508721642153,2.294232177598825,0.4126321400070716,59,0.2
350,0,3.8107185839032964,0.14059405944528358,4.079804583211307,0.11943670457673815,74,0.2
351,1,3.803099805215011,0.14059405944528358,3.9801448039130927,0.12463287898970615,74,0.2
352,2,3.813379065667836,0.14059405944528358,3.974401364153036,0.1260637096222988,74,0.2
353,3,3.8139633022912665,0.14059405944528358,3.9707147078805316,0.1274945402532082,74,0.2
354,4,3.8236492188456817,0.14125412545188426,3.9632999429286935,0.12689208524906634,74,0.2
355,5,3.800130681393564,0.1372937294122803,3.944468491227703,0.12933955870283162,74,0.2
356,6,3.7803674249365784,0.13135313535287435,3.918813890340377,0.13528880186929376,74,0.2
357,7,3.730433775017364,0.1372937294122803,3.8837002932967013,0.14059793659553838,74,0.2
358,8,3.688073166762248,0.1551155115904981,3.823698099087372,0.1512162060415752,74,0.2
359,9,3.69767436965464,0.1617161716565047,3.7821060489015648,0.15901046765906346,74,0.2
360,10,3.65880725139832,0.16633663374205235,3.755547422234826,0.16514797801600314,74,0.2
361,11,3.6247944890075785,0.18481848190719927,3.7053531148238164,0.1784019881172239,74,0.2
362,12,3.6046433396858735,0.18943894395340394,3.667683813602273,0.18517960689979304,74,0.2
363,13,3.5673536503669063,0.20132013207221586,3.6313500145094086,0.19120415694513934,74,0.2
364,14,3.561704184434595,0.20924092415142373,3.59885298262268,0.19655094510689852,74,0.2
365,15,3.569003092731186,0.2099009901580244,3.5663285424743614,0.1962120641631412,74,0.2
366,16,3.5412608717927836,0.2264026403230409,3.533006222422775,0.2030273363997405,74,0.2
367,17,3.5688861614013265,0.20924092415142373,3.5024986973781256,0.20747044205248144,74,0.2
368,18,3.5498131821257837,0.20792079213822245,3.4719567913653235,0.21293019053200585,74,0.2
369,19,3.5487065485208342,0.21650165022403103,3.436115438243838,0.2160930793037507,74,0.2
370,20,3.5421601451269464,0.218481848243833,3.4069853492220874,0.22128925372232955,74,0.2
371,21,3.592582708459483,0.20726072613162172,3.3757958157215686,0.2268619625027868,74,0.2
372,22,3.5903779994536547,0.21848184826350447,3.338800599088654,0.23465622411887235,74,0.2
373,23,3.5764357411035217,0.2099009901580244,3.3105401387908784,0.23864748852243445,74,0.2
374,24,3.587620044934868,0.2112211221712257,3.269760188141432,0.24380600950213224,74,0.2
375,25,3.626599802199764,0.2066006601446926,3.231462386674448,0.2505459748486257,74,0.2
376,26,3.6364204966982596,0.20726072613162172,3.1967699108860628,0.25419835832582394,74,0.2
377,27,3.6405587078321098,0.21650165022403103,3.155849912330161,0.2605617892992174,74,0.2
378,28,3.684927870652857,0.21254125418442704,3.1159496253509373,0.2670381805870097,74,0.2
379,29,3.707471639331025,0.20924092415142373,3.086062442754548,0.272799156568605,74,0.2
380,30,3.6983540670313055,0.2112211221712257,3.040823548123262,0.2790872806698472,74,0.2
381,31,3.7510854574713375,0.20726072613162172,3.0020594983783524,0.2857142857198965,74,0.2
382,32,3.7878633683270753,0.20924092415142373,2.9570701882300385,0.29576775360936924,74,0.2
383,33,3.7881130109919177,0.19735973605228332,2.9129578361616084,0.3025830258414799,74,0.2
384,34,3.8162949003402162,0.1986798680458132,2.87226023369861,0.3100760599532502,74,0.2
385,35,3.8341644317010055,0.20264026408541716,2.828050497524601,0.3151216206073276,74,0.2
386,36,3.876226818286153,0.2000000000590145,2.786400892045252,0.327170720689043,74,0.2
387,37,3.9379481568981713,0.19867986806548468,2.744489940339089,0.3336471119903012,74,0.2
388,38,3.956452803407172,0.1801980198609947,2.697494335136497,0.3417426011062133,74,0.2
389,39,3.9463844129354646,0.19537953803248134,2.654245888740689,0.35021462460869146,74,0.2
390,40,3.983343139025244,0.1848184819268708,2.604646189742997,0.3598915581127204,74,0.2
391,41,4.054334053348,0.1848184819268708,2.5635647516274314,0.3719030047510661,74,0.2
392,42,4.055475034021308,0.17623762384106226,2.5265494143444878,0.37777694106613696,74,0.2
393,43,4.138736344013276,0.17095709578825696,2.4794387364030217,0.3846675201457114,74,0.2
394,44,4.128556732297337,0.18613861392040065,2.428965018109588,0.3967542736764073,74,0.2
395,45,4.180957763187169,0.17623762382139074,2.384747200014361,0.4048874162323226,74,0.2
396,46,4.289821546227231,0.16105610568924705,2.3364712033198893,0.4164846750530765,74,0.2
397,47,4.306229967960824,0.16567656771578018,2.300813643147189,0.4235258679117404,74,0.2
398,48,4.309834624281024,0.17887788784779338,2.2531112394505968,0.4321861586007685,74,0.2
399,49,4.399369600189008,0.16501650172885102,2.213178180150844,0.4425785074446591,74,0.2
400,0,4.814503463034712,0.08059467930282599,4.039143642397776,0.12479940287367045,95,0.2
401,1,4.863911336203323,0.08059467930282599,3.9355272142983657,0.12729986937972765,95,0.2
402,2,4.905022639810387,0.08059467930282599,3.9306611269573417,0.12946445232430687,95,0.2
403,3,4.924840712211501,0.08059467930282599,3.9312534426236962,0.12998693786265356,95,0.2
404,4,4.974749049483704,0.08059467930282599,3.926700131469174,0.12972569509348025,95,0.2
405,5,5.0092725731397465,0.08059467930282599,3.9258845192079423,0.13099458854263854,95,0.2
406,6,5.008543444351411,0.08059467930282599,3.9261140399647414,0.12957641351109545,95,0.2
407,7,4.9681492098060565,0.09233176850470393,3.936903036839705,0.1305094234021125,95,0.2
408,8,4.935273997287422,0.08137715191628453,3.894711827671245,0.13114387012836004,95,0.2
409,9,4.87396789529887,0.11658841947527933,3.8850558608564607,0.1339428997969623,95,0.2
410,10,4.825673763740791,0.1298904539507133,3.860283591841157,0.1382347452905245,95,0.2
411,11,4.748290905183842,0.15649452280830328,3.8113276069211883,0.14778876656426224,95,0.2
412,12,4.688085170232448,0.1674491393967227,3.749512817352916,0.15734278783800001,95,0.2
413,13,4.677125053226669,0.16666666678326414,3.699632999322645,0.16226908005447302,95,0.2
414,14,4.6443427023193635,0.17527386548466903,3.644501496375686,0.17033028550213855,95,0.2
415,15,4.607779884189133,0.1815336463923372,3.5778917321253014,0.1860794924459566,95,0.2
416,16,4.605168947778023,0.1838810644425883,3.531587856441853,0.19947751446276552,95,0.2
417,17,4.603276937034021,0.1830985918757688,3.4787846756639884,0.2069415935820042,95,0.2
418,18,4.5958879072341565,0.189358372690159,3.4337649504314007,0.21742862474675895,95,0.2
419,19,4.598883302745311,0.1862284822829639,3.3886186685773905,0.22332524724873307,95,0.2
420,20,4.6229290842823385,0.18779342750988096,3.3410824529847494,0.23019220003954485,95,0.2
421,21,4.646497439144175,0.19483568103100773,3.2925021807412023,0.2383653666751112,95,0.2
422,22,4.68219462620074,0.1885759001233395,3.2403316187800746,0.24750886359506635,95,0.2
423,23,4.689592739785781,0.18544600966950536,3.1867032506301745,0.2506437768262588,95,0.2
424,24,4.706090336114587,0.19248826319063211,3.1347028780793234,0.2591528270210787,95,0.2
425,25,4.789408689000424,0.1862284822363249,3.075872116103104,0.2700130621395709,95,0.2
426,26,4.838821636492471,0.18309859157261527,3.023027634954337,0.276469490581049,95,0.2
427,27,4.866402127559941,0.16901408453036176,2.963977962110576,0.28837469677623473,95,0.2
428,28,4.944347767389623,0.1674491393500837,2.9022431333199834,0.29990669901434625,95,0.2
429,29,4.985190877332374,0.16510172150970812,2.8396226490182337,0.30748273932259795,95,0.2
430,30,5.072608488826125,0.16118935839577647,2.7718897267761773,0.3222989363731745,95,0.2
431,31,5.157767663725852,0.15649452276166428,2.702214160813482,0.3340548609881998,95,0.2
432,32,5.161936862181423,0.16040688592223495,2.633151896637441,0.3486471356651992,95,0.2
433,33,5.270883410189633,0.14945226924053753,2.572946574328039,0.3579772345609108,95,0.2
434,34,5.3851955134730565,0.14084507053913273,2.4959565675710205,0.3767867139436167,95,0.2
435,35,5.439133272484435,0.13615023485838154,2.4284791865796382,0.3911923866404106,95,0.2
436,36,5.5158735008120345,0.14397496094632786,2.3552914462220342,0.405187534993432,95,0.2
437,37,5.547244104794307,0.14397496094632786,2.278176160792091,0.4217577906381419,95,0.2
438,38,5.660071590883257,0.14632237878670346,2.20109024042068,0.4372830751961482,95,0.2
439,39,5.764793035569885,0.1345852895848255,2.1311377534583382,0.4562418361701368,95,0.2
440,40,5.8551968968530215,0.14241001581268878,2.0544176837716845,0.4741929464496813,95,0.2
441,41,5.978637070722983,0.12519561831660114,1.9842663911501623,0.4859861914591906,95,0.2
442,42,6.066723325069707,0.11502347429500125,1.9130874659548411,0.5037506997629786,95,0.2
443,43,6.107400367330871,0.13849765269875713,1.8536964019124775,0.520134353427483,95,0.2
444,44,6.2225167702807695,0.1212832552493085,1.7762565787458269,0.5341295017782801,95,0.2
445,45,6.295183733222258,0.12832550867715725,1.7069060930544635,0.5540959134222434,95,0.2
446,46,6.356418957359541,0.12597809088342066,1.638172942441131,0.5693972756166826,95,0.2
447,47,6.535624058593607,0.128325508642178,1.5772725829172318,0.5825340548565325,95,0.2
448,48,6.58100137949363,0.12754303615697676,1.5210559412311495,0.6015301362250051,95,0.2
449,49,6.684328447858306,0.11971830997575245,1.4625327202027625,0.6077626422906817,95,0.2
