dropout,opus,epoch,val_loss,val_acc,loss,acc
0.3,127,0,4.167876733158509,0.1253393665158371,4.078143914466859,0.1209449793158065
0.3,127,1,4.165303638078508,0.1253393665158371,3.968739403753912,0.12461818041562878
0.3,127,2,4.185402239933273,0.1253393665158371,3.9615079770576593,0.12508216371050165
0.3,127,3,4.174946544612695,0.1253393665158371,3.95987698305687,0.12608746085140934
0.3,127,4,4.191029834747314,0.1253393665158371,3.958276005626089,0.12670610524687778
0.3,127,5,4.194156569916738,0.1253393665158371,3.9565796360027226,0.12628078722499322
0.3,127,6,4.211940037826607,0.1253393665158371,3.956865165956621,0.12616479140257136
0.3,127,7,4.197056943798497,0.1253393665158371,3.9536852184029865,0.12802072458897668
0.3,127,8,4.208930606755737,0.1253393665158371,3.9554120172818386,0.12562347755826495
0.3,127,9,4.193547519839187,0.1253393665158371,3.9533245507181918,0.12705409271932874
0.3,127,10,4.2024128462933845,0.1253393665158371,3.954383264122441,0.12635811777615527
0.3,127,11,4.197635938678931,0.1253393665158371,3.953279153029364,0.12759540656536364
0.3,127,12,4.162600849548617,0.1257918552036199,3.913576303149525,0.13374318524533116
0.3,127,13,4.106613921256087,0.1339366515837104,3.835697857560984,0.14924796040791102
0.3,127,14,4.0767070286953615,0.13710407239819006,3.7809512478861946,0.15802497776746705
0.3,127,15,4.0317656961501465,0.151131221719457,3.73481498107332,0.16769129644666125
0.3,127,16,3.997564579890324,0.15339366515837105,3.676491277647356,0.1851293353456561
0.3,127,17,3.9686562753910386,0.15656108597285068,3.625841605830616,0.19398368325752646
0.3,127,18,3.9820610231943263,0.15248868778280544,3.5809179963476674,0.20380466303558775
0.3,127,19,3.9781216988196735,0.17149321266968326,3.5388316162057603,0.2094111278729774
0.3,127,20,3.980803184595583,0.1669683257918552,3.4854135527502184,0.2200054131401888
0.3,127,21,3.974534349743597,0.1660633484162896,3.441514966373852,0.22421992808374133
0.3,127,22,3.997175614542551,0.17375565610859728,3.3940270754594337,0.2291690832480649
0.3,127,23,4.0167905134313235,0.16289592760180996,3.3402028249734625,0.2402273518187916
0.3,127,24,4.031777770055365,0.16515837104072398,3.2850228371561365,0.2492363608278006
0.3,127,25,4.044194737602683,0.16153846153846155,3.2307036426980638,0.2528322313730039
0.3,127,26,4.100278706356411,0.15656108597285068,3.174926090981648,0.2623052236797665
0.3,127,27,4.114600701569431,0.16561085972850678,3.1100481378687825,0.27498743379263096
0.3,127,28,4.157759643140421,0.16199095022624435,3.04368322818281,0.2790859529074239
0.3,127,29,4.2216873617733235,0.15610859728506787,2.9822707047564045,0.2918068282886673
0.3,130,0,3.6969658864008914,0.15300324675324675,4.119995868063117,0.1162091452226737
0.3,130,1,3.7205212859364303,0.15300324675324675,4.0063540636946176,0.12233980241350505
0.3,130,2,3.720869717659888,0.15300324675324675,4.0028440370149685,0.12284743644870558
0.3,130,3,3.7080429126689958,0.14853896103896105,3.9732916295549363,0.13042289820334285
0.3,130,4,3.639086683075149,0.15137987012987014,3.8764988266880342,0.15072825959652664
0.3,130,5,3.6179815143733833,0.15625,3.792932533716028,0.1576789409978875
0.3,130,6,3.5985987496066403,0.16193181818181818,3.7331635586394007,0.16248193994327972
0.3,130,7,3.5435233673492035,0.1793831168831169,3.6742566449745797,0.17489944941289787
0.3,130,8,3.5284267524620154,0.19886363636363635,3.6060728229117687,0.18942559256511385
0.3,130,9,3.4931363316325403,0.2114448051948052,3.532275768476879,0.20660705220878992
0.3,130,10,3.4924242806125,0.20900974025974026,3.4659069092113866,0.2200788785195615
0.3,130,11,3.4905783108302524,0.2150974025974026,3.4088217304314195,0.22730290132375336
0.3,130,12,3.5231038935772783,0.21469155844155846,3.3425415665734035,0.2396032644776231
0.3,130,13,3.5261387329596983,0.21753246753246752,3.281769722496464,0.2475301651768871
0.3,130,14,3.5306943360861247,0.20900974025974026,3.220263857802204,0.2591666992166199
0.3,130,15,3.537175150660725,0.21387987012987011,3.1488566236720534,0.2691241360529038
0.3,130,16,3.5949321814945767,0.21428571428571427,3.0875186606048213,0.2811121090276624
0.3,130,17,3.625952222130515,0.21185064935064932,3.017010440019802,0.29134288726648644
0.3,130,18,3.6368863675501437,0.2171266233766234,2.9477016383879415,0.30262798235024607
0.3,130,19,3.671311873894233,0.2041396103896104,2.8736368927692526,0.3120387363820317
0.3,130,20,3.7471267836434503,0.1976461038961039,2.798681258647881,0.32867351322731925
0.3,130,21,3.832693236214774,0.19196428571428573,2.7157995772615915,0.3443711195294546
0.3,130,22,3.8371612406396247,0.20089285714285715,2.648400170925309,0.35600765356860553
0.3,130,23,3.855967738411643,0.18547077922077926,2.5627684172297718,0.3741653325014566
0.3,130,24,3.9876775648686786,0.18141233766233766,2.490456982970522,0.3875590612768331
0.3,130,25,4.038579377261075,0.1793831168831169,2.405453425149375,0.4080987152988952
0.3,130,26,4.156138070217976,0.17897727272727273,2.3347079661148604,0.4207895661716353
0.3,130,27,4.171979727683128,0.1793831168831169,2.261722765857414,0.4327775391475576
0.3,130,28,4.258902723138982,0.16558441558441558,2.17966581022145,0.4467179507210317
0.3,130,29,4.339103869029453,0.16680194805194806,2.1020400139498707,0.4657347026505843
0.3,131,0,3.986821048410964,0.13155833987071353,4.096366743667918,0.12155648732725845
0.3,131,1,4.030308418938585,0.13155833987071353,3.987633953302266,0.12316313335570785
0.3,131,2,4.060197977694853,0.13155833987071353,3.9802573383814432,0.12571025510608386
0.3,131,3,4.059893584942201,0.13155833987071353,3.9745853211542546,0.1268074767840493
0.3,131,4,4.064472977594183,0.13155833987071353,3.9732684547416537,0.1276303930445671
0.3,131,5,4.070559651943138,0.13155833987071353,3.9721347436882857,0.12547513617509126
0.3,131,6,4.0786015783890965,0.13155833987071353,4.22046203642057,0.12500489831106235
0.3,131,7,4.075489912540911,0.13155833987071353,3.97393459268272,0.12602374701407398
0.3,131,8,4.087382756646201,0.13155833987071353,3.973235241844249,0.1267291038090955
0.3,131,9,4.072613655073902,0.13155833987071353,3.967905667588752,0.12735608762507575
0.3,131,10,4.080374295205555,0.13155833987071353,3.9685742398863737,0.12778713900264965
0.3,131,11,4.065635041697658,0.13155833987071353,3.971422290254514,0.12676829029525855
0.3,131,12,4.072514425335962,0.13155833987071353,3.967007283277985,0.12629805243327338
0.3,131,13,4.08151117543644,0.13155833987071353,3.96715615327196,0.12574944160071386
0.3,131,14,4.088757834774307,0.13155833987071353,3.9647924290624936,0.12770876602565212
0.3,131,15,4.033423937571263,0.12764291309211154,3.948753219800168,0.13029507426248318
0.3,131,16,4.012420866950563,0.145262333623534,3.9178990175219615,0.13636897998154365
0.3,131,17,4.013429721445428,0.1413469068420148,3.888786091952681,0.1404835612701185
0.3,131,18,3.9721989233977366,0.1519185591375305,3.8498842955018673,0.14671421294113027
0.3,131,19,3.927392359534184,0.15544244324089776,3.7969975145807036,0.15310161056642907
0.3,131,20,3.901269516911279,0.15935787002241694,3.7726816525816735,0.15651083506815738
0.3,131,21,3.8908249695224506,0.16092404073502464,3.7111973444296886,0.16485755711839445
0.3,131,22,3.8979202851524732,0.16366483949667415,3.6563604559764395,0.17547709549922424
0.3,131,23,3.8646881683038936,0.16992952234710484,3.6076529611824233,0.18742897449163973
0.3,131,24,3.917900350939602,0.16797180894175914,3.5999328735933362,0.1882910772383206
0.3,131,25,3.9137497848146303,0.17188723573786446,3.6273636106478895,0.18766409342876356
0.3,131,26,3.911413275271351,0.1746280344849279,3.5775376269565005,0.1947568478470401
0.3,131,27,3.9039273527140894,0.1750195771484937,3.5142478997059263,0.20098749951133674
0.3,131,28,3.966139203043962,0.16170712610591456,3.507366280098116,0.20012539677137095
0.3,131,29,3.927189584252605,0.17149569305971255,3.607924634888328,0.18676280418686875
0.3,132,0,4.564798721779297,0.11386138623697135,4.04415767841383,0.1235135872772625
0.3,132,1,4.618825879427466,0.11386138623697135,3.9307713190516216,0.12616476275892727
0.3,132,2,4.6512710568141635,0.11386138623697135,3.9269787409211774,0.12694452025768674
0.3,132,3,4.699649902066776,0.11386138623697135,3.9211592215618674,0.12628172638338533
0.3,132,4,4.70330280990097,0.11386138623697135,3.9195073733920407,0.1271784475063124
0.3,132,5,4.7294790611015305,0.11386138623697135,3.919231088004655,0.12752933837866995
0.3,132,6,4.741644986785285,0.11386138623697135,3.91839694021236,0.12682755663279294
0.3,132,7,4.737496641996278,0.11386138623697135,3.931440655309242,0.12869897461903876
0.3,132,8,4.684892218498507,0.11386138623697135,3.9097252081530782,0.12842605949840172
0.3,132,9,4.679654736723443,0.11427392729438178,3.8816762466989134,0.13345549534123946
0.3,132,10,4.6385601471753,0.1250000000983575,3.8678533162256032,0.13645756169860232
0.3,132,11,4.607675144774687,0.1328382837792041,3.8498519200916914,0.13977153105442322
0.3,132,12,4.560700358337302,0.1415016501650165,3.7994447881619857,0.14994736636934972
0.3,132,13,4.541472929145637,0.14108910891089108,3.7662502618843434,0.15653631720825395
0.3,132,14,4.512585087577897,0.14727722772277227,3.7336289074421947,0.1605130804348905
0.3,132,15,4.4583065753722755,0.14562706265709188,3.696658767953552,0.17217045498878905
0.3,132,16,4.4542513633325145,0.1514026401656689,3.661378379546484,0.18051386019238588
0.3,132,17,4.427647781057328,0.13902640268944275,3.61665737050296,0.18920815626369256
0.3,132,18,4.398101222790507,0.1608910891089109,3.5740185177411257,0.19575811923305456
0.3,132,19,4.406046513283606,0.15882838273992633,3.5341556477608966,0.19833131896270834
0.3,132,20,4.404329517100117,0.1563531352643526,3.4962908454682933,0.2072205544077245
0.3,132,21,4.38544226479609,0.15841584153497967,3.460437723598386,0.21568092323345556
0.3,132,22,4.419249210420615,0.1542904290429043,3.424847378006288,0.21802019571942186
0.3,132,23,4.444672949636731,0.1542904290429043,3.3870399793577812,0.2256228313023707
0.3,132,24,4.470673625618711,0.15429042899372555,3.3502365436101824,0.2294826309052753
0.3,132,25,4.483739972507993,0.1608910891089109,3.3113543105323417,0.2346290303744593
0.3,132,26,4.497081992649796,0.16460396034686087,3.2665956661833104,0.2398923934737657
0.3,132,27,4.529623561959848,0.15222772282145594,3.2189592536538987,0.25084798627975385
0.3,132,28,4.590386118432477,0.16171617166634047,3.1797634242101416,0.25466879800672565
0.3,132,29,4.615241283630773,0.15305280530511742,3.1328506628213706,0.25880151273070306
0.3,135,0,4.2490819192138884,0.1563539586698541,4.078643672700478,0.11558148287598426
0.3,135,1,4.550307675194756,0.12109115095195655,4.015963392002852,0.1206247647728604
0.3,135,2,4.273918168352829,0.1570192946645314,3.9642657814413518,0.1258938652615732
0.3,135,3,4.233444440864517,0.15568862267517675,3.929095104829144,0.1287165976665412
0.3,135,4,4.246049289138652,0.15369261469114484,3.9052839994699737,0.1313135114796726
0.3,135,5,4.251397515485387,0.15568862267517675,3.880287463134691,0.13733534061027106
0.3,135,6,4.208378491208146,0.15568862269500536,3.80452039662635,0.14998118178396688
0.3,135,7,4.184514277947401,0.15502328672015658,3.759892578361893,0.1573955589010162
0.3,135,8,4.155388775461924,0.1590153026683919,3.7253490682378674,0.1630786601441401
0.3,135,9,4.139926429121635,0.1736526945314642,3.68246931044464,0.16808430560895002
0.3,135,10,4.181833310041599,0.1630073185769701,3.6580833906152885,0.17275122318404215
0.3,135,11,4.2281788171170485,0.16966067854357178,3.6804345009961343,0.1684230334975462
0.3,135,12,4.206300294645136,0.15169660668728435,3.677787436189892,0.1700790365118257
0.3,135,13,4.176730330436133,0.16833000655421715,3.6346998848231338,0.17738050432931135
0.3,135,14,4.218270251850882,0.14637391872986585,3.591138282340857,0.18313887843881105
0.3,135,15,4.205043512269489,0.1623419825822928,3.5612642106589942,0.18855852465242384
0.3,135,16,4.186819889667585,0.16101131065242386,3.5329157417413657,0.19360180655322576
0.3,135,17,4.18878566909455,0.15568862267517675,3.496303660787942,0.20127963869025214
0.3,135,18,4.190249252224159,0.17032601459773478,3.456186546505866,0.20617237485942425
0.3,135,19,4.21032826470599,0.17631403851017347,3.4235997696590466,0.2132856605199436
0.3,135,20,4.18245558602288,0.16833000659387426,3.397607523487796,0.21716221302332714
0.3,135,21,4.181819576306575,0.17564870249566758,3.3485624189703462,0.22544222808575154
0.3,135,22,4.213779044325798,0.1709913505329264,3.290593287062726,0.2351524275509899
0.3,135,23,4.234292478459879,0.16833000661370284,3.2444543332231643,0.2383515242760595
0.3,135,24,4.219313396427208,0.17431803052614153,3.2060435512077547,0.2451260820519085
0.3,135,25,4.267030609661313,0.1669993345846911,3.16053701536432,0.25065863756228085
0.3,135,26,4.28807301213562,0.1669993345846911,3.1257913887747533,0.2544599172004103
0.3,135,27,4.316743253313218,0.16433799060598184,3.082199922467607,0.2605946556272074
0.3,135,28,4.338196225271016,0.16101131065242386,3.04796359374822,0.26597666541660553
0.3,135,29,4.355530485342284,0.17165668658708938,3.0026546855685314,0.2766277756874257
0.3,18,0,3.851266302957399,0.14324419837612218,4.191311986617793,0.11300040849673205
0.3,18,1,3.855114692989515,0.14324419837612218,4.044520015420478,0.11647263071895425
0.3,18,2,3.8325821478216033,0.14713158204911075,4.0127645232319065,0.12311070261437908
0.3,18,3,3.815829442322275,0.15396395335315127,3.975908257602866,0.13179125816993464
0.3,18,4,3.776737714911928,0.16374131228824373,3.9131425194490967,0.14271854575163398
0.3,18,5,3.7495694781152977,0.16539050536163286,3.850572045722039,0.15390114379084968
0.3,18,6,3.7342214665798803,0.16680409942453778,3.8174849339559973,0.1545138888888889
0.3,18,7,3.699932683860895,0.17351867122333622,3.774089599746505,0.15742442810457516
0.3,18,8,3.6608413765548127,0.1876546118523856,3.7274205665183215,0.16283700980392155
0.3,18,9,3.638591402817537,0.19165979503061625,3.6802825705677855,0.17238562091503268
0.3,18,10,3.617388353034343,0.2010837554587592,3.633775019178203,0.18499795751633988
0.3,18,11,3.609259729995395,0.2040287430898112,3.582386979869768,0.1943423202614379
0.3,18,12,3.605129085001079,0.21887148075031296,3.5322530717631566,0.2051674836601307
0.3,18,13,3.620037411278473,0.2140417010353878,3.4830733229911406,0.21160130718954248
0.3,18,14,3.6067628998654735,0.22169866887612288,3.4268893634571747,0.2168607026143791
0.3,18,15,3.607376997287457,0.21898928025555506,3.3690352334695706,0.22901348039215685
0.3,18,16,3.649723840470392,0.21262810697248288,3.3098637294145967,0.2368770424836601
0.3,18,17,3.6636147048310734,0.21486629757208234,3.2488197497293063,0.2403492647058824
0.3,18,18,3.690238170621533,0.2176934856978922,3.1876335860857004,0.2565359477124183
0.3,18,19,3.749134955466292,0.20944752033094674,3.116438074828753,0.2641952614379085
0.3,18,20,3.7977338174527184,0.20991871835191506,3.0475522392715506,0.27445874183006536
0.3,18,21,3.837525472692669,0.20037695841853,2.9748170539444567,0.2873263888888889
0.3,18,22,3.896957973131289,0.19978796090109635,2.8996693258192026,0.2994281045751634
0.3,18,23,3.9042817075452794,0.2016727529849696,2.8305616182049893,0.3113255718954248
0.3,18,24,4.013628186038167,0.19177759454463505,2.7507886039275755,0.3258272058823529
0.3,18,25,4.042274669449943,0.1920131935551192,2.6818477472448654,0.34349468954248363
0.3,18,26,4.100715320935195,0.19165979503939296,2.5966135008272784,0.3556474673202614
0.3,18,27,4.2718379622228095,0.17775945342082775,2.5140778675578,0.3718341503267974
0.3,18,28,4.352125291423278,0.17304747321114464,2.4374428475214764,0.386437908496732
0.3,18,29,4.432848059003437,0.17128048063251347,2.362048123202293,0.4001225490196079
0.3,59,0,3.9802754090445194,0.10487497750858027,4.101453530700526,0.1249444789948213
0.3,59,1,3.99649500529486,0.10487497750858027,3.986836155110909,0.13111841520864576
0.3,59,2,3.964718290017778,0.10487497750858027,3.9518001276317674,0.13338367239221902
0.3,59,3,3.9517046467265886,0.1109911854596506,3.9240618560288127,0.13804743715054854
0.3,59,4,3.837296449273884,0.15830185286463494,3.8648956240075965,0.14795238518652426
0.3,59,5,3.809177495610223,0.16046051447566068,3.7897932584516383,0.15665807942519386
0.3,59,6,3.7748711911181054,0.1669364993837931,3.722438999631641,0.16318735009393714
0.3,59,7,3.7523106314934807,0.1797085806504924,3.6566759584597497,0.1707826241453074
0.3,59,8,3.720201013242197,0.1867242309473084,3.597454440332152,0.18424091676323398
0.3,59,9,3.7124172346822255,0.19967620074480935,3.541019156970997,0.19743270854220527
0.3,59,10,3.7001742063441023,0.1993164237636224,3.467497872217644,0.21026916586030087
0.3,59,11,3.7090187780418336,0.20579240869587967,3.4028599582896453,0.22594829883760334
0.3,59,12,3.7047728967229157,0.21568627453660935,3.338980043846199,0.2334547392746648
0.3,59,13,3.7324234047560494,0.20327397012779194,3.2688001556613364,0.24216043351862926
0.3,59,14,3.745970059993735,0.21352761290681987,3.1959820625847035,0.2548192236021504
0.3,59,15,3.7959887197408384,0.2084907357143528,3.1290607951595377,0.2665452607346013
0.3,59,16,3.7962603900131935,0.2066918509987366,3.057548278812152,0.2754730390032517
0.3,59,17,3.8859830284358834,0.19607843136182684,2.976168670545857,0.29124100559784144
0.3,59,18,3.920628215023287,0.2018348623745989,2.893305739384726,0.3073198898476416
0.3,59,19,3.964481367998832,0.19373988124412436,2.8125509026737423,0.31460424625736955
0.3,59,20,4.024289048003259,0.18924266953416002,2.7282758871657795,0.3358354801668667
0.3,59,21,4.09887292531352,0.1899622234107565,2.6434057345978688,0.3536466198889053
0.3,59,22,4.171990132799335,0.18132757687283452,2.5561070598928635,0.3679044150346188
0.3,59,23,4.24103746008457,0.17844936138521236,2.4721728859822893,0.3835835480357483
0.3,59,24,4.367583927608131,0.170894045680949,2.38435338010921,0.40095051967929307
0.3,59,25,4.463953298852478,0.16711638781005347,2.2948301301667966,0.42195966954160097
0.3,59,26,4.559022518129824,0.16837560709409735,2.2162742920579293,0.44270231856263703
0.3,59,27,4.670030824313342,0.16171973373557966,2.123205689667194,0.4582037843119837
0.3,59,28,4.777174503774519,0.1561431912107205,2.0470021349864647,0.4697965710224749
0.3,59,29,4.88300005676378,0.15200575642029054,1.9670554433271796,0.4909833881140624
0.3,74,0,3.808622314276868,0.09504950498983804,4.10242834309514,0.11921078394653792
0.3,74,1,3.8129556050001585,0.14059405944528358,3.996151848113701,0.1240304239793924
0.3,74,2,3.815869505570667,0.09504950498983804,3.988650753444393,0.1250847202366407
0.3,74,3,3.8071987441664086,0.14059405944528358,3.9808778973962986,0.1264778974359631
0.3,74,4,3.7604072300120936,0.13993399343868293,3.9470221735248097,0.1317493787261321
0.3,74,5,3.6962865922317247,0.1570957096103001,3.8667975773392276,0.14865577228771867
0.3,74,6,3.6912750453445375,0.16501650168950802,3.784895895475256,0.1578432110868553
0.3,74,7,3.6193975742894033,0.17557755781479004,3.723338371713223,0.16936516304134927
0.3,74,8,3.5884915236986115,0.1867986799270013,3.657990764122661,0.1826944800077078
0.3,74,9,3.553606564927809,0.20924092415142373,3.5975125579825367,0.19120415694289505
0.3,74,10,3.566631015771293,0.21650165022403103,3.536697769175812,0.2027261088971085
0.3,74,11,3.5688773496709643,0.2132013202106992,3.4725866482751413,0.21782513744065865
0.3,74,12,3.558504295034377,0.21650165022403103,3.4100971616744564,0.2256947059322619
0.3,74,13,3.5610804091979174,0.22046204628330648,3.3489456876446946,0.236689509763462
0.3,74,14,3.5643182955952764,0.21518151821082968,3.283368840527486,0.2430152873069517
0.3,74,15,3.60005836061912,0.22574257431644024,3.2164920337660337,0.2520521123612248
0.3,74,16,3.6393962361238175,0.2132013201910277,3.1426300648797643,0.2671887943402894
0.3,74,17,3.6748405075702726,0.20858085814482308,3.0722031064740563,0.2766398072301089
0.3,74,18,3.7387763294056304,0.2000000000590145,2.9902012990948235,0.2912493410760608
0.3,74,19,3.7752492261011614,0.21056105616462506,2.916931859412209,0.3020558777027563
0.3,74,20,3.8415528985139953,0.19207920797980654,2.8326170055951883,0.3179456284493421
0.3,74,21,3.892862070196926,0.1854785479138,2.7476152490713086,0.3297311544701119
0.3,74,22,3.9955917863562567,0.19075907596660527,2.6631496163392714,0.34678816176814586
0.3,74,23,4.044091154167754,0.1808580859069384,2.584540561843649,0.3621507643782525
0.3,74,24,4.103631499262138,0.1702970297619848,2.497271203879842,0.3762708035310947
0.3,74,25,4.2505826018431,0.1471947195112902,2.4154552483524543,0.3954740567926057
0.3,74,26,4.292120411844537,0.1617161716958477,2.3334620704007394,0.4145643497318629
0.3,74,27,4.391790907768526,0.15313531361003913,2.2392730586221217,0.4293998042021237
0.3,74,28,4.5042925693020965,0.150495049603308,2.1637149061080483,0.444536486185677
0.3,74,29,4.619710389222249,0.14455445550455906,2.0751374970808185,0.4631372844385575
0.3,95,0,4.802676226238316,0.08059467930282599,4.058400394062783,0.12442619891882074
0.3,95,1,4.884238682628983,0.08059467930282599,3.9517102313944816,0.12744915096211246
0.3,95,2,4.886510648264758,0.08059467930282599,3.9432431920025417,0.12983765628138105
0.3,95,3,4.930635720164937,0.08059467930282599,3.942352390965546,0.12924052995184193
0.3,95,4,4.954250243907802,0.08059467930282599,3.9464152826749466,0.12897928718266854
0.3,95,5,4.767475925141096,0.15414710496792772,3.9062450417210566,0.1330845306971376
0.3,95,6,4.712914511631352,0.15805946803522036,3.79245479249714,0.1536480686728646
0.3,95,7,4.6395495784861005,0.17136150241737635,3.721926450658187,0.16215711886768444
0.3,95,8,4.6194147735321085,0.17762128327840554,3.652245454766853,0.17589102444819582
0.3,95,9,4.573956989533092,0.17136150267389086,3.584203033114485,0.19264788206866212
0.3,95,10,4.578771035249617,0.17370892051426645,3.5214980865552548,0.2105989923526556
0.3,95,11,4.572059812680097,0.1917057903206591,3.459239442483283,0.21787646949280107
0.3,95,12,4.609733686014334,0.18857589986682502,3.404865884665212,0.22881134540026124
0.3,95,13,4.601839210319222,0.17996870111878116,3.341085021854848,0.2378428811367645
0.3,95,14,4.632044668302103,0.1870109546399079,3.2791999169485098,0.2473595820137938
0.3,95,15,4.658766798010454,0.17370892025775192,3.2193049170495325,0.25792125396640425
0.3,95,16,4.714819477570821,0.1838810641860738,3.148240348798478,0.2684829259245759
0.3,95,17,4.748310235371238,0.1784037558918641,3.080369787506257,0.27725321888745685
0.3,95,18,4.827318920589202,0.17527386543802995,3.0076076830472274,0.2934502705762048
0.3,95,19,4.890619441377165,0.16510172150970812,2.93859983803866,0.30125023325803363
0.3,95,20,4.971736689315343,0.15805946824509587,2.8617054709170957,0.31371524538604995
0.3,95,21,5.076279207387813,0.16353677628279106,2.7810956416278656,0.3318156372524282
0.3,95,22,5.161718372261394,0.15179968703427413,2.7055575118889714,0.34446725135620104
0.3,95,23,5.2346071003002,0.14710485140016194,2.631976112827344,0.3589102444508156
0.3,95,24,5.367286920174373,0.14084507053913273,2.5482730714392585,0.3741742862518832
0.3,95,25,5.3757477433468805,0.13615023481174254,2.468798301130517,0.3893263668617132
0.3,95,26,5.583408395262763,0.135367762244923,2.384018051608727,0.4051128942033519
0.3,95,27,5.5867257498799345,0.135367762244923,2.3090173543800856,0.4199664116506368
0.3,95,28,5.694002447740201,0.13145539913099136,2.2217025063691422,0.4385892890498006
0.3,95,29,5.822478721212707,0.13849765269875713,2.1413738604245025,0.4571748460578171
0.0,127,0,4.1691,0.1253,4.0402,0.1247
0.0,127,1,4.1654,0.1253,3.9363,0.1284
0.0,127,2,4.1949,0.1253,3.9358,0.1281
0.0,127,3,4.1828,0.1253,3.9349,0.1281
0.0,127,4,4.1958,0.1253,3.9367,0.1279
0.0,127,5,4.1942,0.1253,3.9348,0.1281
0.0,127,6,4.2205,0.1253,3.9348,0.1271
0.0,127,7,4.2039,0.1253,3.9346,0.1288
0.0,127,8,4.2164,0.1253,3.9355,0.1271
0.0,127,9,4.1953,0.1253,3.935,0.1268
0.0,127,10,4.2071,0.1253,3.9339,0.1287
0.0,127,11,4.2066,0.1253,3.9303,0.1278
0.0,127,12,4.2017,0.1253,3.9309,0.127
0.0,127,13,4.208,0.1253,3.9312,0.1287
0.0,127,14,4.2016,0.1253,3.9314,0.1297
0.0,127,15,4.2093,0.1253,3.9326,0.1265
0.0,127,16,4.2058,0.1253,3.931,0.1285
0.0,127,17,4.182,0.1253,3.93,0.1278
0.0,127,18,4.2239,0.1253,3.9291,0.1284
0.0,127,19,4.233,0.1253,3.9313,0.1286
0.0,127,20,4.208,0.1253,3.9309,0.1284
0.0,127,21,4.1913,0.1253,3.9296,0.1282
0.0,127,22,4.236,0.1253,3.9296,0.1286
0.0,127,23,4.2088,0.1253,3.931,0.1291
0.0,127,24,4.1986,0.1253,3.9305,0.1274
0.0,127,25,4.197,0.1253,3.9309,0.1284
0.0,127,26,4.2088,0.1253,3.9311,0.1295
0.0,127,27,4.2044,0.1253,3.9311,0.127
0.0,127,28,4.2137,0.1253,3.9297,0.1281
0.0,127,29,4.2194,0.1253,3.9318,0.128
0.0,130,0,3.705,0.153,4.0804,0.126
0.0,130,1,3.7331,0.153,3.9749,0.1261
0.0,130,2,3.7362,0.153,3.9751,0.1244
0.0,130,3,3.7661,0.153,3.9713,0.126
0.0,130,4,3.7685,0.153,3.9753,0.1255
0.0,130,5,3.7742,0.153,3.9744,0.1243
0.0,130,6,3.7892,0.153,3.9741,0.1251
0.0,130,7,3.7709,0.153,3.9712,0.1246
0.0,130,8,3.7453,0.153,4.0704,0.1269
0.0,130,9,3.7506,0.153,3.9452,0.1271
0.0,130,10,3.7469,0.153,3.9428,0.1271
0.0,130,11,3.7619,0.153,3.9428,0.1271
0.0,130,12,3.7695,0.153,3.9426,0.1271
0.0,130,13,3.7592,0.153,3.9422,0.1264
0.0,130,14,3.7672,0.153,3.944,0.1271
0.0,130,15,3.7455,0.153,3.9435,0.1269
0.0,130,16,3.7724,0.153,3.9453,0.127
0.0,130,17,3.7377,0.1485,3.9579,0.128
0.0,130,18,3.6543,0.155,3.8641,0.1463
0.0,130,19,3.625,0.1567,3.7667,0.1601
0.0,130,20,3.5784,0.1769,3.6856,0.1718
0.0,130,21,3.5257,0.1887,3.5991,0.1906
0.0,130,22,3.5753,0.1903,3.572,0.1944
0.0,130,23,3.5844,0.1875,3.6228,0.1889
0.0,130,24,3.5835,0.1924,3.5539,0.1956
0.0,130,25,3.5869,0.1976,3.4933,0.207
0.0,130,26,3.5986,0.1916,3.4381,0.2138
0.0,130,27,3.616,0.1818,3.4063,0.2192
0.0,130,28,3.5941,0.1875,3.3506,0.228
0.0,130,29,3.6005,0.1997,3.2434,0.2481
0.0,131,0,3.9824,0.1316,4.0552,0.1278
0.0,131,1,4.0272,0.1316,3.9538,0.1281
0.0,131,2,4.0039,0.1226,3.9482,0.1285
0.0,131,3,3.9844,0.1398,3.913,0.1333
0.0,131,4,4.028,0.1316,3.9142,0.1312
0.0,131,5,4.0485,0.1316,3.9185,0.1275
0.0,131,6,4.0083,0.1445,3.9028,0.1325
0.0,131,7,3.9897,0.1457,3.8702,0.1396
0.0,131,8,4.006,0.1433,3.8532,0.1442
0.0,131,9,3.9821,0.1445,3.8235,0.1468
0.0,131,10,3.9231,0.1574,3.7718,0.1535
0.0,131,11,3.918,0.1605,3.7303,0.1606
0.0,131,12,3.9476,0.1488,3.6995,0.1664
0.0,131,13,3.8875,0.1668,3.654,0.1803
0.0,131,14,3.9081,0.168,3.6042,0.1899
0.0,131,15,3.8731,0.1668,3.5568,0.1986
0.0,131,16,3.8458,0.1774,3.5065,0.2094
0.0,131,17,3.8452,0.1868,3.4609,0.2207
0.0,131,18,3.8759,0.1895,3.4173,0.2269
0.0,131,19,3.8506,0.1856,3.3715,0.2317
0.0,131,20,3.8686,0.1754,3.3241,0.2408
0.0,131,21,3.8646,0.1809,3.2702,0.2514
0.0,131,22,3.9035,0.1919,3.2162,0.2582
0.0,131,23,3.9301,0.1836,3.1642,0.266
0.0,131,24,3.9362,0.1719,3.1104,0.2749
0.0,131,25,3.9639,0.1817,3.0499,0.2855
0.0,131,26,3.9677,0.1942,2.9894,0.2948
0.0,131,27,4.0153,0.1848,2.926,0.3068
0.0,131,28,4.0399,0.1789,2.8653,0.3156
0.0,131,29,4.0786,0.1801,2.7973,0.3288
0.0,132,0,4.5572,0.1139,4.0055,0.1265
0.0,132,1,4.617,0.1139,3.8989,0.1303
0.0,132,2,4.6484,0.1139,3.8982,0.129
0.0,132,3,4.705,0.1139,3.8987,0.1286
0.0,132,4,4.7045,0.1139,3.8985,0.1271
0.0,132,5,4.7314,0.1139,3.8985,0.1284
0.0,132,6,4.7425,0.1139,3.8983,0.1287
0.0,132,7,4.7349,0.1139,3.8983,0.1295
0.0,132,8,4.73,0.1139,3.8989,0.1276
0.0,132,9,4.8461,0.1139,3.9827,0.129
0.0,132,10,4.7081,0.1139,3.9066,0.1289
0.0,132,11,4.6639,0.132,3.8672,0.131
0.0,132,12,4.6617,0.1312,3.8372,0.1391
0.0,132,13,4.6236,0.1275,3.8238,0.1445
0.0,132,14,4.5573,0.1469,3.7742,0.1543
0.0,132,15,4.5003,0.1444,3.7298,0.1603
0.0,132,16,4.5037,0.1444,3.6871,0.1644
0.0,132,17,4.4778,0.1341,3.6373,0.1742
0.0,132,18,4.4692,0.1539,3.6016,0.1847
0.0,132,19,4.4641,0.1502,3.55,0.1896
0.0,132,20,4.4345,0.1584,3.5125,0.1972
0.0,132,21,4.4222,0.1498,3.4753,0.2052
0.0,132,22,4.4236,0.1621,3.433,0.2178
0.0,132,23,4.4562,0.1543,3.3893,0.2296
0.0,132,24,4.4518,0.1506,3.3448,0.2377
0.0,132,25,4.4466,0.1621,3.2989,0.2441
0.0,132,26,4.4993,0.1502,3.2535,0.2526
0.0,132,27,4.5059,0.1518,3.2137,0.2569
0.0,132,28,4.5176,0.1522,3.1655,0.2645
0.0,132,29,4.5657,0.1473,3.1172,0.2712
0.0,135,0,4.2482,0.1564,4.0381,0.1245
0.0,135,1,4.2885,0.1564,3.9388,0.1256
0.0,135,2,4.3092,0.1564,3.9394,0.1265
0.0,135,3,4.3182,0.1564,3.9378,0.1258
0.0,135,4,4.3176,0.1564,3.9391,0.1271
0.0,135,5,4.3628,0.1564,3.9384,0.1256
0.0,135,6,4.3432,0.1564,3.9371,0.1253
0.0,135,7,4.353,0.1564,3.9384,0.1248
0.0,135,8,4.379,0.1564,3.9363,0.1259
0.0,135,9,4.3403,0.1564,3.9354,0.1269
0.0,135,10,4.3509,0.157,3.929,0.1264
0.0,135,11,4.3402,0.151,3.9234,0.126
0.0,135,12,4.2929,0.1577,3.8973,0.1331
0.0,135,13,4.2057,0.1603,3.8007,0.1519
0.0,135,14,4.1898,0.157,3.7344,0.1609
0.0,135,15,4.1535,0.1723,3.6862,0.1713
0.0,135,16,4.1192,0.175,3.6027,0.1896
0.0,135,17,4.0987,0.1803,3.523,0.2054
0.0,135,18,4.0998,0.1856,3.4525,0.219
0.0,135,19,4.1014,0.1983,3.3888,0.228
0.0,135,20,4.1246,0.187,3.3255,0.2385
0.0,135,21,4.1452,0.1916,3.2599,0.2494
0.0,135,22,4.167,0.1597,3.1888,0.2611
0.0,135,23,4.1814,0.1796,3.1118,0.2748
0.0,135,24,4.2406,0.173,3.0347,0.2882
0.0,135,25,4.3158,0.1637,2.9475,0.3018
0.0,135,26,4.3711,0.151,2.8601,0.3183
0.0,135,27,4.3631,0.1677,2.7658,0.3386
0.0,135,28,4.4548,0.189,2.6695,0.3563
0.0,135,29,4.5732,0.1643,2.5645,0.3763
0.0,18,0,3.8623,0.1432,4.1532,0.1204
0.0,18,1,3.8605,0.1432,4.0103,0.1211
0.0,18,2,3.8743,0.1432,4.0094,0.1204
0.0,18,3,3.8822,0.1432,4.0079,0.1208
0.0,18,4,3.9043,0.1432,4.0096,0.1216
0.0,18,5,3.898,0.1432,4.0112,0.1217
0.0,18,6,3.9153,0.1432,4.0098,0.1218
0.0,18,7,3.9113,0.1432,4.0094,0.1219
0.0,18,8,3.9133,0.1432,4.0083,0.1204
0.0,18,9,3.906,0.1432,4.0091,0.1211
0.0,18,10,3.9092,0.1432,4.0123,0.1199
0.0,18,11,3.9155,0.1432,4.0071,0.1198
0.0,18,12,3.9129,0.1432,4.0051,0.1214
0.0,18,13,3.9181,0.1432,4.0063,0.1221
0.0,18,14,3.9185,0.1432,4.0053,0.1217
0.0,18,15,3.9146,0.1432,4.0041,0.1215
0.0,18,16,3.8963,0.1489,3.9688,0.1295
0.0,18,17,3.8134,0.1583,3.9095,0.1394
0.0,18,18,3.7614,0.166,3.8131,0.1539
0.0,18,19,3.7537,0.1751,3.7617,0.1574
0.0,18,20,3.6579,0.1992,3.6892,0.1726
0.0,18,21,3.6185,0.209,3.6069,0.1919
0.0,18,22,3.5789,0.2216,3.5342,0.206
0.0,18,23,3.5695,0.2242,3.4575,0.2216
0.0,18,24,3.5686,0.2248,3.3719,0.2344
0.0,18,25,3.601,0.2222,3.2767,0.2506
0.0,18,26,3.6088,0.2298,3.171,0.2724
0.0,18,27,3.653,0.219,3.0632,0.2918
0.0,18,28,3.6926,0.2256,2.9354,0.3148
0.0,18,29,3.7801,0.2146,2.8068,0.3371
0.0,59,0,3.9901,0.1049,4.0657,0.1308
0.0,59,1,4.0148,0.1049,3.9452,0.1352
0.0,59,2,4.0134,0.1049,3.9446,0.1342
0.0,59,3,4.0397,0.1049,3.9457,0.1346
0.0,59,4,4.0447,0.1049,3.9449,0.1345
0.0,59,5,4.0727,0.1049,3.9449,0.1346
0.0,59,6,4.0493,0.1049,3.9413,0.1338
0.0,59,7,3.9852,0.1207,3.9049,0.1368
0.0,59,8,3.8933,0.1473,3.8575,0.1454
0.0,59,9,3.8337,0.1585,3.7681,0.1585
0.0,59,10,3.7633,0.1666,3.6877,0.1675
0.0,59,11,3.7206,0.1993,3.5758,0.1997
0.0,59,12,3.6689,0.2067,3.4709,0.2217
0.0,59,13,3.6691,0.2033,3.3759,0.2384
0.0,59,14,3.6864,0.2132,3.2837,0.2539
0.0,59,15,3.7126,0.2089,3.1873,0.2695
0.0,59,16,3.7438,0.2081,3.0823,0.286
0.0,59,17,3.7871,0.2026,2.972,0.3061
0.0,59,18,3.814,0.2076,2.8477,0.3311
0.0,59,19,3.9035,0.1986,2.7176,0.3576
0.0,59,20,4.0061,0.1901,2.5764,0.3876
0.0,59,21,4.1253,0.1759,2.4331,0.4169
0.0,59,22,4.2054,0.1693,2.2802,0.4497
0.0,59,23,4.3178,0.1734,2.1222,0.4858
0.0,59,24,4.4632,0.1709,1.9644,0.5207
0.0,59,25,4.6637,0.1578,1.8056,0.5604
0.0,59,26,4.8337,0.148,1.651,0.6003
0.0,59,27,4.9552,0.1569,1.5006,0.6312
0.0,59,28,5.1975,0.1518,1.3466,0.6723
0.0,59,29,5.3387,0.1489,1.2031,0.7065
0.0,74,0,3.808,0.095,4.0658,0.1268
0.0,74,1,3.8126,0.1406,3.9606,0.127
0.0,74,2,3.8218,0.095,3.9587,0.1264
0.0,74,3,3.8349,0.1406,3.9586,0.1266
0.0,74,4,3.822,0.1406,3.9596,0.1279
0.0,74,5,3.8311,0.1406,3.9604,0.1267
0.0,74,6,3.8354,0.1406,3.9588,0.1269
0.0,74,7,3.8286,0.1406,3.9593,0.1273
0.0,74,8,3.8222,0.1406,3.9559,0.1272
0.0,74,9,3.7596,0.1366,3.9114,0.1343
0.0,74,10,3.768,0.1419,3.8594,0.146
0.0,74,11,3.6876,0.1518,3.795,0.1553
0.0,74,12,3.6707,0.1604,3.7379,0.1616
0.0,74,13,3.5954,0.1789,3.6745,0.1785
0.0,74,14,3.5436,0.1993,3.5928,0.194
0.0,74,15,3.5621,0.2132,3.5259,0.2031
0.0,74,16,3.5483,0.2231,3.4618,0.2175
0.0,74,17,3.5263,0.233,3.3966,0.2301
0.0,74,18,3.548,0.229,3.3276,0.242
0.0,74,19,3.5593,0.2356,3.2549,0.2553
0.0,74,20,3.6034,0.237,3.1769,0.2678
0.0,74,21,3.6258,0.2185,3.0967,0.2819
0.0,74,22,3.6773,0.1987,3.0074,0.2989
0.0,74,23,3.7066,0.2026,2.9166,0.315
0.0,74,24,3.7991,0.1894,2.8214,0.3301
0.0,74,25,3.8789,0.1894,2.7191,0.3535
0.0,74,26,3.9128,0.1908,2.6186,0.3732
0.0,74,27,3.9861,0.1789,2.503,0.396
0.0,74,28,4.135,0.1795,2.3914,0.4181
0.0,74,29,4.2174,0.1756,2.2722,0.4445
0.0,95,0,4.7962,0.0806,4.0177,0.1292
0.0,95,1,4.8743,0.0806,3.9181,0.1304
0.0,95,2,4.8688,0.0806,3.9176,0.1306
0.0,95,3,4.9209,0.0806,3.9174,0.1311
0.0,95,4,4.9857,0.0806,3.9155,0.1298
0.0,95,5,5.0063,0.0806,3.9171,0.1297
0.0,95,6,5.0006,0.0806,3.9155,0.1297
0.0,95,7,4.9648,0.0806,3.9182,0.1314
0.0,95,8,4.9734,0.0806,3.9169,0.1302
0.0,95,9,4.9749,0.0806,3.9164,0.1313
0.0,95,10,4.9721,0.0806,3.9186,0.1306
0.0,95,11,4.8788,0.1307,3.8951,0.1304
0.0,95,12,4.7705,0.1588,3.8074,0.1467
0.0,95,13,4.6849,0.1643,3.7441,0.1579
0.0,95,14,4.6471,0.1847,3.6655,0.1828
0.0,95,15,4.6027,0.1831,3.5927,0.1944
0.0,95,16,4.5759,0.1987,3.5234,0.2043
0.0,95,17,4.5797,0.1878,3.4609,0.2146
0.0,95,18,4.5949,0.2003,3.4006,0.2268
0.0,95,19,4.615,0.1792,3.3348,0.2369
0.0,95,20,4.6388,0.1933,3.273,0.2481
0.0,95,21,4.6507,0.1862,3.2083,0.2579
0.0,95,22,4.6922,0.1823,3.1438,0.2687
0.0,95,23,4.7004,0.1808,3.0714,0.2827
0.0,95,24,4.782,0.1823,2.9969,0.2928
0.0,95,25,4.8189,0.1604,2.924,0.3079
0.0,95,26,4.9126,0.1706,2.8445,0.3206
0.0,95,27,5.0232,0.1526,2.7566,0.3367
0.0,95,28,5.0756,0.1565,2.6689,0.3521
0.0,95,29,5.1395,0.1612,2.5785,0.372
0.1,127,0,4.1771,0.1253,4.0488,0.1237
0.1,127,1,4.1489,0.1253,3.9453,0.1271
0.1,127,2,4.172,0.1253,3.9431,0.1249
0.1,127,3,4.185,0.1253,3.9399,0.1263
0.1,127,4,4.1788,0.1253,3.9398,0.1268
0.1,127,5,4.1979,0.1253,3.9434,0.128
0.1,127,6,4.1853,0.1253,3.9382,0.1264
0.1,127,7,4.2064,0.1253,3.9378,0.1265
0.1,127,8,4.1975,0.1253,3.9415,0.1246
0.1,127,9,4.2144,0.1253,3.9429,0.128
0.1,127,10,4.2155,0.1253,3.934,0.1276
0.1,127,11,4.2071,0.1253,3.9354,0.1277
0.1,127,12,4.1859,0.1253,3.9367,0.1282
0.1,127,13,4.19,0.1253,3.935,0.1272
0.1,127,14,4.206,0.1253,3.9359,0.1285
0.1,127,15,4.2287,0.1253,3.9369,0.1274
0.1,127,16,4.1865,0.1253,3.9213,0.1278
0.1,127,17,4.2099,0.0946,3.9148,0.1278
0.1,127,18,4.1953,0.1253,3.9158,0.1253
0.1,127,19,4.2014,0.0837,3.9122,0.1263
0.1,127,20,4.186,0.0846,3.9095,0.128
0.1,127,21,4.1824,0.1253,3.9041,0.1269
0.1,127,22,4.1934,0.1253,3.9052,0.1261
0.1,127,23,4.1887,0.1145,3.91,0.1266
0.1,127,24,4.2089,0.1253,3.8973,0.1288
0.1,127,25,4.1981,0.1181,3.8802,0.139
0.1,127,26,4.1816,0.1204,3.8627,0.1392
0.1,127,27,4.1166,0.1312,3.8395,0.1458
0.1,127,28,4.0853,0.1339,3.7864,0.1579
0.1,127,29,4.0857,0.1367,3.7575,0.1589
0.1,130,0,3.7117,0.153,4.0886,0.1205
0.1,130,1,3.7474,0.153,3.9778,0.1239
0.1,130,2,3.7202,0.153,3.9443,0.1289
0.1,130,3,3.6419,0.155,3.878,0.1457
0.1,130,4,3.6094,0.1571,3.7821,0.1597
0.1,130,5,3.5637,0.1607,3.7153,0.1611
0.1,130,6,3.5036,0.1895,3.629,0.1816
0.1,130,7,3.4972,0.2045,3.5347,0.2089
0.1,130,8,3.4526,0.2131,3.4564,0.2255
0.1,130,9,3.4485,0.2188,3.3812,0.2366
0.1,130,10,3.4714,0.2159,3.3047,0.2472
0.1,130,11,3.4857,0.2159,3.2277,0.2557
0.1,130,12,3.4918,0.2188,3.1478,0.2694
0.1,130,13,3.5319,0.2102,3.0712,0.2842
0.1,130,14,3.5363,0.2082,2.9843,0.3001
0.1,130,15,3.5892,0.2009,2.899,0.3121
0.1,130,16,3.6325,0.196,2.8078,0.329
0.1,130,17,3.6811,0.2013,2.7196,0.3458
0.1,130,18,3.7487,0.1964,2.6193,0.3648
0.1,130,19,3.7757,0.1879,2.5143,0.3855
0.1,130,20,3.8565,0.1985,2.4134,0.4052
0.1,130,21,3.8926,0.1928,2.3053,0.4323
0.1,130,22,4.0117,0.1765,2.2,0.4528
0.1,130,23,4.0619,0.1843,2.0897,0.4758
0.1,130,24,4.1561,0.1765,1.9802,0.504
0.1,130,25,4.2999,0.179,1.8761,0.5248
0.1,130,26,4.3399,0.1782,1.7639,0.5509
0.1,130,27,4.4513,0.1745,1.6518,0.5775
0.1,130,28,4.5758,0.1619,1.5561,0.6006
0.1,130,29,4.7455,0.1579,1.4499,0.6282
0.1,131,0,3.9797,0.1316,4.068,0.1214
0.1,131,1,4.0264,0.1316,3.9651,0.1247
0.1,131,2,4.0805,0.1316,3.9602,0.1253
0.1,131,3,4.0619,0.1316,3.9582,0.1256
0.1,131,4,4.0467,0.1316,3.9737,0.1248
0.1,131,5,3.9798,0.1437,3.9225,0.1302
0.1,131,6,3.9627,0.1476,3.8787,0.1414
0.1,131,7,3.9069,0.1582,3.8192,0.1488
0.1,131,8,3.8747,0.1629,3.7504,0.1573
0.1,131,9,3.8562,0.1691,3.6764,0.1674
0.1,131,10,3.8327,0.1825,3.5892,0.1904
0.1,131,11,3.8153,0.1895,3.5135,0.206
0.1,131,12,3.825,0.1891,3.4331,0.222
0.1,131,13,3.8151,0.1856,3.3556,0.237
0.1,131,14,3.8116,0.1872,3.2813,0.2499
0.1,131,15,3.8312,0.1907,3.2031,0.2622
0.1,131,16,3.9048,0.175,3.1202,0.2745
0.1,131,17,3.9062,0.1844,3.0384,0.2899
0.1,131,18,3.9264,0.1829,2.9459,0.3031
0.1,131,19,4.0075,0.175,2.8483,0.3203
0.1,131,20,4.0868,0.1762,2.7458,0.3405
0.1,131,21,4.1571,0.1691,2.6408,0.3608
0.1,131,22,4.1875,0.1742,2.5385,0.3826
0.1,131,23,4.274,0.1785,2.4224,0.4028
0.1,131,24,4.3599,0.1664,2.3036,0.4281
0.1,131,25,4.5046,0.1625,2.1946,0.456
0.1,131,26,4.578,0.1597,2.0796,0.4787
0.1,131,27,4.7115,0.1531,1.9687,0.5039
0.1,131,28,4.8519,0.1582,1.8548,0.5288
0.1,131,29,4.9323,0.1476,1.7432,0.5558
0.1,132,0,4.5425,0.1139,4.0176,0.1259
0.1,132,1,4.6346,0.1139,3.9105,0.1254
0.1,132,2,4.66,0.1139,3.9057,0.1279
0.1,132,3,4.6693,0.1139,3.9045,0.1285
0.1,132,4,4.69,0.1139,3.905,0.1291
0.1,132,5,4.7271,0.1139,3.9037,0.1269
0.1,132,6,4.7291,0.1139,3.9046,0.1282
0.1,132,7,4.7267,0.1139,3.9032,0.1283
0.1,132,8,4.7409,0.1139,3.9029,0.1285
0.1,132,9,4.7345,0.1139,3.916,0.1278
0.1,132,10,4.7589,0.1139,3.9009,0.1296
0.1,132,11,4.731,0.1139,3.9015,0.1294
0.1,132,12,4.7226,0.1139,3.9016,0.1282
0.1,132,13,4.7251,0.1139,3.9016,0.1294
0.1,132,14,4.7303,0.1139,3.9016,0.1282
0.1,132,15,4.7416,0.1139,3.9018,0.1278
0.1,132,16,4.724,0.1139,3.9015,0.129
0.1,132,17,4.7233,0.1139,3.9008,0.1284
0.1,132,18,4.7338,0.1139,3.8999,0.1283
0.1,132,19,4.7177,0.1139,3.9013,0.1286
0.1,132,20,4.7248,0.1139,3.9005,0.1285
0.1,132,21,4.7363,0.1139,3.9016,0.1274
0.1,132,22,4.734,0.1139,3.9012,0.1279
0.1,132,23,4.7155,0.1139,3.9017,0.1301
0.1,132,24,4.7205,0.1139,3.9001,0.1292
0.1,132,25,4.7222,0.1139,3.8998,0.1283
0.1,132,26,4.731,0.1139,3.901,0.1286
0.1,132,27,4.7201,0.1139,3.9004,0.1281
0.1,132,28,4.7261,0.1139,3.9006,0.1271
0.1,132,29,4.7335,0.1139,3.8978,0.1291
0.1,135,0,4.2413,0.1564,4.0568,0.1217
0.1,135,1,4.2525,0.1564,3.9474,0.1236
0.1,135,2,4.3114,0.1564,3.9458,0.1227
0.1,135,3,4.3023,0.1564,3.9445,0.126
0.1,135,4,4.3324,0.1564,3.9434,0.124
0.1,135,5,4.341,0.1564,3.9423,0.125
0.1,135,6,4.3191,0.1564,3.9428,0.1259
0.1,135,7,4.3435,0.1564,3.9355,0.1269
0.1,135,8,4.3498,0.1564,3.9378,0.1245
0.1,135,9,4.3472,0.1564,3.9361,0.1262
0.1,135,10,4.259,0.1583,3.8652,0.1421
0.1,135,11,4.1797,0.1557,3.7499,0.1579
0.1,135,12,4.1066,0.1657,3.657,0.1779
0.1,135,13,4.1053,0.185,3.5562,0.2016
0.1,135,14,4.1116,0.1823,3.479,0.2174
0.1,135,15,4.1079,0.1803,3.4013,0.2303
0.1,135,16,4.1515,0.1756,3.3224,0.2445
0.1,135,17,4.1678,0.173,3.2358,0.2554
0.1,135,18,4.1986,0.1717,3.1479,0.2703
0.1,135,19,4.2531,0.1663,3.0529,0.285
0.1,135,20,4.3411,0.1577,2.95,0.3042
0.1,135,21,4.4321,0.1497,2.8403,0.3245
0.1,135,22,4.51,0.1524,2.7303,0.3413
0.1,135,23,4.6098,0.1497,2.6095,0.3667
0.1,135,24,4.7484,0.1437,2.4913,0.393
0.1,135,25,4.8996,0.1377,2.3649,0.4165
0.1,135,26,4.9892,0.1317,2.2454,0.4424
0.1,135,27,5.1259,0.1417,2.1171,0.4699
0.1,135,28,5.3156,0.1277,1.9905,0.4984
0.1,135,29,5.3824,0.1304,1.8732,0.5256
0.1,18,0,3.8481,0.1432,4.1447,0.1177
0.1,18,1,3.8678,0.1432,4.0242,0.1181
0.1,18,2,3.8895,0.1432,4.0181,0.1186
0.1,18,3,3.8795,0.1432,4.0168,0.1203
0.1,18,4,3.8914,0.1432,4.0176,0.1191
0.1,18,5,3.9021,0.1432,4.0158,0.1206
0.1,18,6,3.9093,0.1432,4.0133,0.1205
0.1,18,7,3.9108,0.1432,4.0141,0.1227
0.1,18,8,3.9123,0.1432,4.0148,0.1204
0.1,18,9,3.9155,0.1432,4.0154,0.1208
0.1,18,10,3.9196,0.1432,4.012,0.1216
0.1,18,11,3.9238,0.1432,4.0103,0.1222
0.1,18,12,3.9095,0.1454,4.0138,0.1234
0.1,18,13,3.86,0.1534,3.9591,0.1328
0.1,18,14,3.8243,0.162,3.903,0.1429
0.1,18,15,3.7851,0.1674,3.8405,0.1534
0.1,18,16,3.773,0.1687,3.8011,0.1556
0.1,18,17,3.7262,0.1714,3.7592,0.1583
0.1,18,18,3.6952,0.1798,3.7134,0.1638
0.1,18,19,3.6696,0.1902,3.6591,0.1733
0.1,18,20,3.6254,0.2014,3.6044,0.1859
0.1,18,21,3.6146,0.2139,3.5503,0.1985
0.1,18,22,3.6082,0.2089,3.5001,0.207
0.1,18,23,3.598,0.2165,3.4393,0.2208
0.1,18,24,3.5908,0.2257,3.3774,0.2325
0.1,18,25,3.6031,0.2239,3.3056,0.2444
0.1,18,26,3.6347,0.2119,3.2353,0.2532
0.1,18,27,3.6474,0.2257,3.1673,0.2694
0.1,18,28,3.688,0.2162,3.0888,0.2787
0.1,18,29,3.712,0.2145,3.0083,0.2935
0.1,59,0,3.9943,0.1049,4.0783,0.1304
0.1,59,1,4.0235,0.1049,3.9576,0.1329
0.1,59,2,4.0252,0.1049,3.9523,0.1328
0.1,59,3,4.0438,0.1049,3.9518,0.1324
0.1,59,4,4.0531,0.1049,3.9514,0.1332
0.1,59,5,4.0499,0.1049,3.9511,0.1324
0.1,59,6,4.0573,0.1049,3.9512,0.1345
0.1,59,7,4.0637,0.1049,3.9499,0.1347
0.1,59,8,4.0608,0.1049,3.9496,0.1337
0.1,59,9,4.806,0.1049,4.1693,0.1338
0.1,59,10,4.0208,0.1049,4.1016,0.1352
0.1,59,11,4.0087,0.1049,3.9493,0.1352
0.1,59,12,4.0036,0.1049,3.9383,0.1352
0.1,59,13,4.0131,0.1049,3.9368,0.1352
0.1,59,14,4.0223,0.1049,3.9334,0.1352
0.1,59,15,4.0271,0.1049,3.9355,0.1352
0.1,59,16,4.0369,0.1049,3.9334,0.1352
0.1,59,17,4.0381,0.1049,3.9307,0.1352
0.1,59,18,4.0425,0.1049,3.931,0.1352
0.1,59,19,4.0393,0.1049,3.9298,0.1352
0.1,59,20,4.0392,0.1049,3.9328,0.1352
0.1,59,21,4.1077,0.1049,3.9873,0.1334
0.1,59,22,4.0606,0.1049,3.9944,0.133
0.1,59,23,4.06,0.1049,3.9646,0.1344
0.1,59,24,4.0594,0.1049,3.9533,0.1351
0.1,59,25,4.0591,0.1049,3.9399,0.1338
0.1,59,26,4.0041,0.1115,3.9136,0.135
0.1,59,27,3.9757,0.1347,3.8848,0.1401
0.1,59,28,3.9409,0.1391,3.8542,0.1458
0.1,59,29,3.8712,0.1545,3.8104,0.1542
0.1,74,0,3.807,0.1406,4.0668,0.1243
0.1,74,1,3.8062,0.1406,3.9709,0.1244
0.1,74,2,3.8138,0.1406,3.962,0.1267
0.1,74,3,3.8283,0.1406,3.9637,0.1239
0.1,74,4,3.8215,0.1406,3.9611,0.1254
0.1,74,5,3.8422,0.1406,3.9613,0.1267
0.1,74,6,3.8315,0.1406,3.9612,0.1262
0.1,74,7,3.8237,0.1406,3.9593,0.1272
0.1,74,8,3.8198,0.1406,3.96,0.1278
0.1,74,9,3.8304,0.1406,3.9616,0.1273
0.1,74,10,3.8196,0.1406,3.9605,0.1264
0.1,74,11,3.8253,0.1406,3.96,0.1272
0.1,74,12,3.8256,0.095,3.9605,0.1269
0.1,74,13,3.837,0.1406,3.9597,0.1272
0.1,74,14,3.8302,0.1406,3.9628,0.1269
0.1,74,15,4.0545,0.1241,3.9571,0.1269
0.1,74,16,3.7162,0.1564,3.9085,0.1404
0.1,74,17,3.6794,0.167,3.7948,0.1587
0.1,74,18,3.6288,0.1716,3.7327,0.1723
0.1,74,19,3.5649,0.1855,3.6474,0.1853
0.1,74,20,3.5605,0.2139,3.5653,0.2002
0.1,74,21,3.5412,0.2099,3.4958,0.2133
0.1,74,22,3.5203,0.229,3.4243,0.2276
0.1,74,23,3.5382,0.2238,3.3523,0.2409
0.1,74,24,3.5469,0.2297,3.2779,0.2517
0.1,74,25,3.6036,0.2185,3.1952,0.266
0.1,74,26,3.608,0.2198,3.1106,0.2809
0.1,74,27,3.678,0.1934,3.0181,0.2969
0.1,74,28,3.7242,0.2079,2.9221,0.3127
0.1,74,29,3.7676,0.1894,2.8285,0.3299
0.1,95,0,4.8196,0.0806,4.023,0.1249
0.1,95,1,4.9018,0.0837,3.9264,0.1273
0.1,95,2,4.9098,0.0806,3.924,0.1284
0.1,95,3,4.7714,0.1244,3.8937,0.1326
0.1,95,4,4.829,0.1307,3.8725,0.1353
0.1,95,5,4.8094,0.1291,3.858,0.1389
0.1,95,6,4.8243,0.1401,3.8506,0.14
0.1,95,7,4.723,0.1541,3.8185,0.1457
0.1,95,8,4.6976,0.1643,3.7576,0.1548
0.1,95,9,4.7071,0.1596,3.728,0.1603
0.1,95,10,4.6737,0.1706,3.7058,0.1616
0.1,95,11,4.6686,0.1745,3.6785,0.1687
0.1,95,12,4.6954,0.1745,3.6551,0.1792
0.1,95,13,4.6696,0.1792,3.6281,0.1831
0.1,95,14,4.6762,0.1737,3.5935,0.1879
0.1,95,15,4.6847,0.1667,3.5638,0.1935
0.1,95,16,4.6689,0.1792,3.5346,0.1962
0.1,95,17,4.6948,0.1831,3.5087,0.1979
0.1,95,18,4.6894,0.18,3.4772,0.2032
0.1,95,19,4.6974,0.1839,3.4471,0.2054
0.1,95,20,4.6754,0.1847,3.4116,0.2142
0.1,95,21,4.6687,0.1901,3.3753,0.2206
0.1,95,22,4.7046,0.1792,3.3402,0.2269
0.1,95,23,4.7155,0.1776,3.3024,0.2364
0.1,95,24,4.7443,0.1815,3.2663,0.2392
0.1,95,25,4.7637,0.1839,3.2282,0.2477
0.1,95,26,4.8021,0.1682,3.1855,0.2553
0.1,95,27,4.8161,0.1761,3.1416,0.2614
0.1,95,28,4.8755,0.1674,3.1031,0.269
0.1,95,29,4.8758,0.1745,3.0545,0.2762
0.2,127,0,4.1449,0.1253,4.0609,0.1218
0.2,127,1,4.1487,0.1244,3.9514,0.1245
0.2,127,2,4.0932,0.1353,3.8923,0.1378
0.2,127,3,4.0226,0.1348,3.7754,0.1576
0.2,127,4,4.0119,0.1394,3.7065,0.1638
0.2,127,5,3.9521,0.1566,3.6362,0.1797
0.2,127,6,3.9144,0.1706,3.5418,0.2016
0.2,127,7,3.9162,0.1751,3.4567,0.2192
0.2,127,8,3.9294,0.1756,3.3854,0.2305
0.2,127,9,3.9396,0.1756,3.3101,0.2451
0.2,127,10,3.9569,0.1719,3.2331,0.2569
0.2,127,11,3.9926,0.1837,3.1506,0.2712
0.2,127,12,4.068,0.1733,3.0644,0.2832
0.2,127,13,4.0911,0.1643,2.9822,0.2966
0.2,127,14,4.1834,0.1597,2.8936,0.3119
0.2,127,15,4.2263,0.1606,2.7936,0.3305
0.2,127,16,4.3575,0.1593,2.6993,0.3472
0.2,127,17,4.3725,0.1674,2.5972,0.3651
0.2,127,18,4.5158,0.1516,2.5009,0.3856
0.2,127,19,4.585,0.148,2.3948,0.4026
0.2,127,20,4.6885,0.1466,2.2965,0.4264
0.2,127,21,4.8099,0.1443,2.1927,0.447
0.2,127,22,4.9035,0.1403,2.0937,0.4669
0.2,127,23,4.9786,0.1353,2.0,0.4847
0.2,127,24,5.1313,0.129,1.8923,0.5154
0.2,127,25,5.2979,0.1299,1.8095,0.531
0.2,127,26,5.397,0.133,1.7131,0.5533
0.2,127,27,5.5621,0.1317,1.6269,0.5697
0.2,127,28,5.6677,0.1262,1.5439,0.5929
0.2,127,29,5.8165,0.1199,1.4591,0.6142
0.2,130,0,3.7241,0.153,4.1071,0.1182
0.2,130,1,3.7338,0.153,3.996,0.1211
0.2,130,2,3.7205,0.153,3.9885,0.1229
0.2,130,3,3.7495,0.0954,3.9883,0.1246
0.2,130,4,3.7723,0.0954,3.9864,0.1232
0.2,130,5,3.7727,0.153,3.9847,0.125
0.2,130,6,3.7696,0.153,3.9842,0.1255
0.2,130,7,3.7614,0.153,3.9861,0.1237
0.2,130,8,3.7603,0.153,3.9832,0.1253
0.2,130,9,3.7735,0.153,3.9853,0.1246
0.2,130,10,3.7574,0.153,3.985,0.1243
0.2,130,11,3.7625,0.153,3.9852,0.1253
0.2,130,12,3.772,0.153,3.9823,0.1247
0.2,130,13,3.7514,0.153,3.9847,0.1253
0.2,130,14,3.7416,0.153,3.9855,0.1224
0.2,130,15,3.7746,0.153,3.9845,0.1251
0.2,130,16,3.7624,0.153,3.982,0.1246
0.2,130,17,3.7673,0.153,3.9823,0.1244
0.2,130,18,3.7673,0.153,3.9831,0.1245
0.2,130,19,3.7843,0.0954,3.9835,0.125
0.2,130,20,3.7672,0.153,3.9825,0.1249
0.2,130,21,3.7617,0.153,3.9814,0.1266
0.2,130,22,3.7539,0.153,3.9834,0.1253
0.2,130,23,3.7822,0.153,3.9802,0.1225
0.2,130,24,3.6611,0.155,3.9359,0.1348
0.2,130,25,3.6332,0.1587,3.816,0.1588
0.2,130,26,3.6122,0.1705,3.7661,0.1655
0.2,130,27,3.5599,0.1794,3.7067,0.1802
0.2,130,28,3.5332,0.1883,3.6539,0.1939
0.2,130,29,3.518,0.1907,3.6029,0.2001
0.2,131,0,3.9789,0.1316,4.0777,0.1205
0.2,131,1,4.0088,0.1316,3.9758,0.1242
0.2,131,2,4.0412,0.1316,3.9703,0.125
0.2,131,3,4.0578,0.1316,3.9652,0.1267
0.2,131,4,4.0762,0.1316,3.9671,0.1266
0.2,131,5,4.0598,0.1316,3.9651,0.1257
0.2,131,6,4.0772,0.1316,3.9608,0.1264
0.2,131,7,4.0815,0.1316,3.959,0.1262
0.2,131,8,4.0737,0.1316,3.9549,0.1273
0.2,131,9,4.0163,0.1449,3.918,0.1328
0.2,131,10,3.9154,0.1558,3.8587,0.1458
0.2,131,11,3.8717,0.1629,3.7694,0.1598
0.2,131,12,3.8546,0.1691,3.6992,0.1703
0.2,131,13,3.841,0.1699,3.6134,0.1892
0.2,131,14,3.8143,0.1903,3.5375,0.2032
0.2,131,15,3.824,0.1848,3.47,0.2201
0.2,131,16,3.8354,0.1793,3.3994,0.2296
0.2,131,17,3.8368,0.1821,3.3248,0.2417
0.2,131,18,3.8417,0.1844,3.2491,0.2539
0.2,131,19,3.8547,0.1868,3.1715,0.264
0.2,131,20,3.8695,0.1852,3.091,0.2788
0.2,131,21,3.9194,0.1883,3.0012,0.293
0.2,131,22,3.9539,0.1797,2.9122,0.3098
0.2,131,23,4.0225,0.1735,2.8256,0.3246
0.2,131,24,4.0646,0.1809,2.7256,0.3428
0.2,131,25,4.1356,0.1782,2.6313,0.3608
0.2,131,26,4.2458,0.1695,2.5346,0.3783
0.2,131,27,4.3141,0.1746,2.427,0.4021
0.2,131,28,4.4089,0.1688,2.3349,0.419
0.2,131,29,4.4763,0.1582,2.2274,0.4398
0.2,132,0,4.5398,0.1139,4.0336,0.1204
0.2,132,1,4.5962,0.1139,3.919,0.1271
0.2,132,2,4.6589,0.1139,3.9116,0.1288
0.2,132,3,4.6663,0.1139,3.9187,0.1277
0.2,132,4,4.6942,0.1139,3.9129,0.1281
0.2,132,5,4.7011,0.1139,3.9428,0.1273
0.2,132,6,4.7297,0.1139,3.9097,0.1299
0.2,132,7,4.7149,0.1139,3.9107,0.1282
0.2,132,8,4.7225,0.1139,3.9065,0.1283
0.2,132,9,4.6998,0.1139,3.9008,0.1282
0.2,132,10,4.6402,0.1254,3.8644,0.1347
0.2,132,11,4.6026,0.13,3.8344,0.1413
0.2,132,12,4.5593,0.1316,3.792,0.1472
0.2,132,13,4.5388,0.1316,3.7364,0.1568
0.2,132,14,4.4757,0.1394,3.7054,0.1639
0.2,132,15,4.4463,0.1477,3.6502,0.1707
0.2,132,16,4.4043,0.1564,3.5899,0.1834
0.2,132,17,4.4272,0.1473,3.5385,0.1961
0.2,132,18,4.4076,0.1625,3.489,0.2064
0.2,132,19,4.392,0.1588,3.4424,0.2169
0.2,132,20,4.4434,0.1526,3.3962,0.2232
0.2,132,21,4.4083,0.1646,3.3535,0.2311
0.2,132,22,4.4455,0.163,3.3135,0.2369
0.2,132,23,4.477,0.1621,3.2651,0.2423
0.2,132,24,4.4725,0.1559,3.2251,0.2497
0.2,132,25,4.5125,0.1522,3.1785,0.2541
0.2,132,26,4.5142,0.1584,3.1367,0.2599
0.2,132,27,4.5752,0.1568,3.0833,0.2696
0.2,132,28,4.6531,0.1584,3.0345,0.2748
0.2,132,29,4.6821,0.1473,2.9817,0.2831
0.2,135,0,4.2681,0.0798,4.0632,0.1222
0.2,135,1,4.3132,0.1564,3.9595,0.1231
0.2,135,2,4.3025,0.1564,3.9532,0.1251
0.2,135,3,4.339,0.1564,3.952,0.1239
0.2,135,4,4.3397,0.1564,3.9484,0.1247
0.2,135,5,4.3529,0.1564,3.9494,0.1257
0.2,135,6,4.3361,0.1564,3.9522,0.1261
0.2,135,7,4.3117,0.1597,3.9368,0.1288
0.2,135,8,4.3381,0.1357,3.893,0.1362
0.2,135,9,4.235,0.1524,3.8177,0.1489
0.2,135,10,4.2173,0.145,3.7778,0.1534
0.2,135,11,4.2032,0.1643,3.7456,0.1587
0.2,135,12,4.1596,0.1697,3.698,0.1721
0.2,135,13,4.1724,0.1603,3.6485,0.183
0.2,135,14,4.1562,0.1557,3.6244,0.185
0.2,135,15,4.1438,0.1524,3.5726,0.1916
0.2,135,16,4.1462,0.1763,3.5304,0.2003
0.2,135,17,4.1087,0.187,3.4866,0.2069
0.2,135,18,4.1217,0.1756,3.4303,0.221
0.2,135,19,4.1365,0.1796,3.3849,0.2246
0.2,135,20,4.1583,0.1723,3.3406,0.231
0.2,135,21,4.1887,0.163,3.2947,0.2397
0.2,135,22,4.2019,0.171,3.2491,0.248
0.2,135,23,4.2062,0.1677,3.1951,0.254
0.2,135,24,4.2735,0.1623,3.1425,0.2619
0.2,135,25,4.3013,0.175,3.0904,0.2708
0.2,135,26,4.3091,0.177,3.0348,0.2813
0.2,135,27,4.3844,0.1723,2.9859,0.2861
0.2,135,28,4.3989,0.1697,2.9233,0.2945
0.2,135,29,4.4633,0.1643,2.8651,0.3065
0.2,18,0,3.8483,0.1432,4.1691,0.1157
0.2,18,1,3.8652,0.1432,4.0337,0.1178
0.2,18,2,3.8915,0.1432,4.0278,0.1179
0.2,18,3,3.8794,0.1432,4.0242,0.1196
0.2,18,4,3.8973,0.1432,4.0244,0.1195
0.2,18,5,3.8887,0.1432,4.0163,0.1206
0.2,18,6,3.8657,0.1432,3.9891,0.1259
0.2,18,7,3.8862,0.1284,3.9642,0.1328
0.2,18,8,3.8705,0.1463,3.9555,0.1286
0.2,18,9,3.873,0.1375,3.9478,0.1311
0.2,18,10,3.8687,0.1497,3.931,0.1362
0.2,18,11,3.86,0.1546,3.9196,0.1403
0.2,18,12,3.8364,0.1575,3.904,0.1428
0.2,18,13,3.8019,0.1591,3.8674,0.1501
0.2,18,14,3.7766,0.1692,3.8272,0.1549
0.2,18,15,3.7586,0.1709,3.8028,0.1571
0.2,18,16,3.7554,0.1709,3.786,0.1595
0.2,18,17,3.7728,0.1761,3.7668,0.1606
0.2,18,18,3.7568,0.1772,3.7435,0.1658
0.2,18,19,3.7662,0.1864,3.7266,0.1723
0.2,18,20,3.7224,0.1922,3.6998,0.1745
0.2,18,21,3.7196,0.1864,3.6643,0.1782
0.2,18,22,3.6924,0.1913,3.6234,0.1837
0.2,18,23,3.6476,0.2012,3.5895,0.1885
0.2,18,24,3.6565,0.1971,3.5599,0.1921
0.2,18,25,3.6522,0.2006,3.5258,0.1979
0.2,18,26,3.6682,0.2044,3.493,0.205
0.2,18,27,3.6646,0.2046,3.4628,0.2053
0.2,18,28,3.6604,0.2017,3.4268,0.2114
0.2,18,29,3.6504,0.2131,3.3929,0.2171
0.2,59,0,3.9963,0.1049,4.0844,0.1281
0.2,59,1,4.0318,0.1049,3.9656,0.1312
0.2,59,2,4.028,0.1049,3.9617,0.134
0.2,59,3,4.0365,0.1049,3.9592,0.1336
0.2,59,4,4.0525,0.1049,3.9579,0.134
0.2,59,5,4.0485,0.1049,3.9574,0.1345
0.2,59,6,4.0752,0.1049,3.9557,0.1337
0.2,59,7,4.0692,0.1049,3.9658,0.1327
0.2,59,8,4.0475,0.1049,3.9536,0.1348
0.2,59,9,4.0642,0.1049,3.9523,0.134
0.2,59,10,4.0737,0.1049,3.9517,0.1346
0.2,59,11,4.0598,0.1049,3.9525,0.1344
0.2,59,12,4.0435,0.1049,3.9487,0.1334
0.2,59,13,4.0763,0.1049,3.9538,0.1346
0.2,59,14,4.066,0.1049,3.951,0.1347
0.2,59,15,4.054,0.1049,3.9517,0.135
0.2,59,16,4.0592,0.1049,3.9486,0.1349
0.2,59,17,4.0501,0.1088,3.9511,0.135
0.2,59,18,4.0161,0.1049,3.9623,0.1338
0.2,59,19,3.9659,0.1344,3.9104,0.1396
0.2,59,20,3.9102,0.1427,3.8468,0.149
0.2,59,21,3.8508,0.1592,3.7739,0.1584
0.2,59,22,3.8603,0.1623,3.7389,0.1613
0.2,59,23,3.7994,0.175,3.6916,0.169
0.2,59,24,3.7894,0.1828,3.6269,0.181
0.2,59,25,3.7362,0.1885,3.5609,0.1893
0.2,59,26,3.7377,0.1903,3.5122,0.2012
0.2,59,27,3.7191,0.1945,3.4653,0.206
0.2,59,28,3.7381,0.1964,3.4221,0.2163
0.2,59,29,3.7452,0.2002,3.38,0.2225
0.2,74,0,3.7972,0.1406,4.0792,0.1205
0.2,74,1,3.8069,0.1406,3.9804,0.1252
0.2,74,2,3.8165,0.1406,3.9762,0.125
0.2,74,3,3.8309,0.095,3.9709,0.1272
0.2,74,4,3.8385,0.1406,3.9712,0.1255
0.2,74,5,3.8367,0.1406,3.9705,0.1262
0.2,74,6,3.8366,0.1406,3.9704,0.1279
0.2,74,7,3.8326,0.1406,3.9695,0.1266
0.2,74,8,3.8377,0.1406,3.97,0.1276
0.2,74,9,3.8483,0.1406,3.9728,0.1265
0.2,74,10,3.818,0.1406,3.9679,0.127
0.2,74,11,3.8334,0.1406,3.9662,0.1268
0.2,74,12,3.8436,0.1406,3.9672,0.1252
0.2,74,13,3.8544,0.1406,3.966,0.1272
0.2,74,14,3.8293,0.1406,3.9659,0.127
0.2,74,15,3.829,0.1406,3.9664,0.1265
0.2,74,16,3.8124,0.1406,3.965,0.1275
0.2,74,17,3.8406,0.1406,3.9644,0.1281
0.2,74,18,3.8505,0.1406,3.9635,0.125
0.2,74,19,3.8219,0.1406,3.9649,0.1267
0.2,74,20,3.8187,0.1406,3.9647,0.1258
0.2,74,21,3.7915,0.1406,3.9506,0.1279
0.2,74,22,3.7613,0.1432,3.9166,0.137
0.2,74,23,3.7022,0.1584,3.8574,0.1449
0.2,74,24,3.6645,0.1624,3.7792,0.1578
0.2,74,25,3.6342,0.1729,3.7186,0.1662
0.2,74,26,3.6053,0.1782,3.655,0.1806
0.2,74,27,3.5642,0.2152,3.5994,0.1871
0.2,74,28,3.5652,0.1947,3.5416,0.1948
0.2,74,29,3.5597,0.233,3.4866,0.2051
0.2,95,0,4.8072,0.0806,4.0414,0.1228
0.2,95,1,4.8208,0.0806,3.9359,0.127
0.2,95,2,4.9026,0.0806,3.9302,0.1289
0.2,95,3,4.9187,0.0806,3.928,0.1286
0.2,95,4,4.9178,0.0806,3.9416,0.1284
0.2,95,5,4.8924,0.0806,3.9165,0.1299
0.2,95,6,4.8479,0.1377,3.8805,0.1369
0.2,95,7,4.7934,0.1573,3.85,0.1408
0.2,95,8,4.6917,0.1659,3.7886,0.1531
0.2,95,9,4.6501,0.1612,3.7375,0.1607
0.2,95,10,4.6024,0.1815,3.6656,0.1747
0.2,95,11,4.5965,0.1823,3.6012,0.1946
0.2,95,12,4.5834,0.1808,3.5418,0.2062
0.2,95,13,4.5878,0.1854,3.4857,0.2156
0.2,95,14,4.5727,0.1839,3.4353,0.2228
0.2,95,15,4.5757,0.1956,3.3826,0.2341
0.2,95,16,4.625,0.18,3.33,0.2423
0.2,95,17,4.5948,0.1925,3.278,0.2504
0.2,95,18,4.6403,0.1823,3.2262,0.2595
0.2,95,19,4.735,0.1706,3.1624,0.2689
0.2,95,20,4.7481,0.1854,3.1037,0.2792
0.2,95,21,4.7821,0.1604,3.0404,0.2876
0.2,95,22,4.9191,0.1526,2.9729,0.2994
0.2,95,23,4.929,0.1635,2.9113,0.3086
0.2,95,24,5.0294,0.1432,2.8306,0.3219
0.2,95,25,5.0559,0.1643,2.7708,0.3338
0.2,95,26,5.1764,0.1659,2.6879,0.3485
0.2,95,27,5.2181,0.1557,2.617,0.3646
0.2,95,28,5.3517,0.1369,2.5329,0.3768
0.2,95,29,5.503,0.1362,2.46,0.3919
